	label	text
0	0	备胎是硬伤！
1	0	要说不满意的话，那就是动力了，1.5自然吸气发动机对这款车有种小马拉大车的感觉。如今天气这么热，上路肯定得开空调，开了后动力明显感觉有些不给力不过空调制冷效果还是不错的。
2	0	油耗显示13升还多一点，希望慢慢下降。没有倒车雷达真可恨
3	0	空调不太凉，应该是小问题。
4	0	1、后排座椅不能平放；2、科技感不强，还不如百万帝豪，最希望增加车联网的车机。像你好博越一样。3、全景摄像头不清楚，晚上基本上用处不大
5	1	车子外观好看，车内空间大。
6	1	最满意的真的不只一点，概括一下最满意的就是性价比了。ps:虽然没有s7性价比高(原厂记录仪,绿净)
7	0	底盘调教的很低，坐的感觉有些别扭，视角不是很好。
8	0	开空调时，一档起步动力不足。车子做工有点马虎。
9	1	那当然是外观了，换了圈加了尾翼，回头率直线上升。还有就是可玩性，晚上没事叫上车友漂个定圆，玩玩甩尾掉头，对得起大玩具的称号。
10	1	最满意的就是动力了和外观了
11	1	这个价位级别的车内饰和中控基本上都是硬塑料了，不过车内的储物空间的确非常多，这点非常满意！
12	0	地盘部分裸漏应加强防锈处理，发动机声音大应加强隔音处理！储物空间太小，只有一个杯座很是不方便。
13	1	外形霸气，内饰科技感很强。
14	1	车的内部空间比较大。而且有隔层。
15	1	我是最爱此车的外观大气！车子给人的感觉就是舒适敞亮。车身的线条流利，外观看起来很时尚，很年轻化，给人的感觉还是挺棒的。
16	0	配置太少了，做工太差，噪音有点多。
17	1	适合家用，有里有面，有品质不奢华。
18	1	品牌力吧在我们这小城市虽然五系也是街车但给人的感觉也还是不一样我二十开这个出去也还是比较有面儿
19	0	里里外外做工差，皮薄，油漆一碰就掉，内饰太单调。
20	1	最满意的就是油耗了，这么大的车，油耗才7个多，甚至我跑到过6个，小日本不咋得，但是造的车真心省油。
21	1	整个车的空间比较的大，所以大家都觉得无论是驾驶空间还是乘坐空间，都比较的舒适。外观很有感觉，看起来很高大上。内饰在小细节上的处理让我很满意，油耗在目前为止还是有点大，相对车重来说能够理解。
22	1	最满意的就是外观了，当时选择这款车的时候就很喜欢他的外观，还有就是舒适度比较满意。
23	1	空间，动力，油耗，外观……
24	0	要说不满意啊，对它的内饰有点反感，一方面：大面积的硬塑料（包括中控台及其上面）都是豪华版了，就不能来点软皮包裹什么的，显得档次低。另一方面：虽然这个钢琴黑的烤漆面板看起来时尚，但太容易留下指纹和印记。
25	1	空间超大，外形高大上，全景天窗超爽，配置丰富，满足一家人出行需要，告别外出两部车的历史！
26	0	无倒车雷达，浅色内饰，些许异响
27	0	起步时不舍得狠踩油门确实起步肉了一些。
28	0	最不满意的还是减震比较硬，车轮下的传递感很强。
29	0	最不满意的就是车子后排座椅不能放倒，有点不体恤民心了。
30	0	这个嘛。说最不满意的一点：个人觉得最大的油耗，本人在夏天开空调（综合路况）1.2排量到达过9毛多/公里！！！很吭吧？是真的哟！！
31	1	性价比高、舒适、地盘扎实、过沟过坎毫无压力！
32	1	油耗，动力，空间，外观
33	1	空间大,实用性强,性价比高,保养费用较低,
34	1	车体大小适中，低调、成稳。
35	1	外观漂亮，棱角分明！做工也不错！日间行车灯太酷了！
36	1	外观毫无疑问，无框车窗、溜背、18寸轮圈，还需要说什么？
37	0	开空调后，60公里再加速时加不上！！！
38	1	中级车型可以蓝牙接电话，全系标配esc和一键升降
39	0	后备箱小，顿挫，车窄，储蓄少，转弯半径太大，操控很一般。
40	1	最满意的是外观
41	1	当然是配置和油耗了，同事16万的25没全景天窗，没定速巡航呢！锋驭逼格很高！
42	0	油耗偏高，可能是磨合期的原因
43	0	动力表现急加速不是很到位毕竟是混动还是省油第一位鱼和熊掌不可兼得
44	0	前脸不是太个性
45	0	开起来过不好的路面的时候，这车的减震偏硬，后排特别明显。
46	0	站在外面听发动机声音真的是太大了，比捷达的发动机声音大了很多！
47	0	1.4手动，开空调爬陡坡有点费力
48	0	开空调后，车内噪音有点大
49	0	上一代的内饰和中规版的配置，100w的车简配后座的控制面板就算了，你竟然不标配无匙进入但却配了无匙点火，这不是多此一举么？另外竟然不配吹风座椅，我之前买的cls350是带的，坑。
50	1	当然是性价比，紧凑级的价格买中型suv，安全配置高，你还想要啥。微笑的前脸经典不过时，越看越喜欢。
51	0	价格合理，送了很多东西
52	0	目前没有最不满意的，要是唯一要说点不满意的那就是像其他人说的起步稍微慢点~不过个人觉得还是慢点好安全第一~ps:狂野型可以忽略我的见解~嘿嘿~
53	1	内饰配置外观
54	1	动力液晶仪表盘大灯氛围灯颜色
55	0	没有什么不满意，非要挑的话确实起步偏肉，毕竟1.5t的重量；
56	1	座椅很舒服
57	1	外观时尚，操纵性好，太适合代步用，全景天窗。
58	0	底盘不做整体封闭玻璃非隔音玻璃风噪胎噪都比以往的雷克萨斯高
59	1	塔夫绸的白，犀利的腰身，还有妩媚的那双前丹凤眼，于车主是品味的体现。esp、前后雷达、并线辅助等一系列安全配置，让你的心释然！
60	1	前脸帅气，车身小巧灵活，配置同级别高
61	1	四驱，空间，油耗
62	0	噪音有点大，油耗偏高7.5个左右，可能是拉了货和磨合期内的原因，油漆有点偏软，拉货的情况下提速相对偏慢，
63	0	发动机噪音偏大，手动档换挡手感不太好。急加速的时候声音很大，所以提速的时候要慢慢踩油门。还有就是车窗按键不带背光，晚上老按错。
64	1	最满意的地方应该是这个车的操控性，和这车的油耗吧。
65	0	iphoneplus大小的屏幕，饥饿营销让4儿子可以有恃无恐的强奸。
66	0	隔音性真的不好，速度一上来，杂音多而且不小。
67	0	起步的时候稍微弱点、济南服务网点少
68	0	起步稍肉。新车没有优惠，无赠送礼品少。钥匙丑死。
69	0	就是还发动机，动力还是有点小，要是有1.8的就更完美了
70	1	小型suv空间大，车长4.51，外观时尚好看，符合年轻人的审美观，不会有视觉疲劳，发动机1.5家用够了，4at换挡平顺，开着根本感觉不到换挡，高速上用定速巡航省油又轻松！！！
71	0	视线有点差，看不见机头盖不知道你们怎么调的，我是新手
72	0	最不满意的就是没有车窗一键升降。每次下车前都要检查一下4个车窗有没有关好。如果有急事，这样弄一下真的有点浪费时间。除了驾驶座以外，其余3个车窗都只有一键下降，没有一键上升功能，厂家真是会省钱
73	1	省油，外形好看！
74	1	操控好，通过性好，油耗低，有一定安全配置。
75	1	生产30年，性能可靠。外观大方，不花哨。
76	1	1.4动力绝对不肉，异响没有那么严重，刹车在停下来的时候会吱一声，空间，挺大，1.4目前油耗7.2综合道路
77	0	10000公里一套刹车盘。我真买不起。
78	0	新车总有点小毛病。。售后态度都不错的，积极给解决，期待后来的问题解决
79	0	做工粗糙。吵声大气。没后台灯。豪华版装饰也太马马虎虎了
80	1	外观时尚，同价位同配置难寻敌手。
81	0	雨刷有点太松了。
82	0	噪音大，a柱挡视线，1档不好挂，离合高
83	0	噪音太大狮子啊是不敢开快了
84	1	底盘高
85	1	简约外形，实用的空间，平时上下班、接送接送小孩不二之选
86	1	外形很好看（同级别而言），我跟老婆都非常喜欢，不过这是仁者见仁智者见智；省油，刚提车表显百公里油耗13.5，目前1800公里显示7.7了。
87	1	外形好、空间大、操作方便，方向轻盈。抛去狭隘的民族主义思维，丰田品牌就是个保证。
88	0	没有车窗自动升降，后排没有独立空调的开关设置。
89	0	动力稍弱屁股太翘
90	1	空调来的挺快，，发动机噪音小，座椅坐着也挺舒服，特别是货箱空间后大
91	1	增配后氙气大灯和日行灯很大气，轮毂也爽，车内氛围灯很好看，
92	0	后轮用的还是鼓刹看着就不爽，不过刹车还是蛮灵的
93	1	最满意的就是这车静音好，怠速基本听不见发动机声音，而且空间也很大，拉人载货都是很好的选择。
94	0	内饰车顶的材料实在是有点无语…………
95	0	无倒车影像、需要手动调节座椅、无真皮方向盘
96	0	新车刚体回来，还没咋开，对车子还不是很熟练，目前暂时没有发现不满意的地方，觉得它哪里都不错，没有什么毛病，缺点还需要一些时间去发现，然后再去适应它，毕竟是因为喜欢她才买的他，对她今后的缺点也会包含。
97	1	外观可改装型前脸中控尾排包括全包围都有比较低廉的改装配件
98	1	底盘和悬架的调校，方向精准，行驶稳定
99	0	基本上没什么不满意的，也没什么做的特别好的地方
100	1	动力，超车不费劲，给油就能快速向前冲，不惧大排量豪车，其实没事也很好，真的很好，但是买车还得看机器。
101	1	各种省
102	0	手刹缝
103	0	后排空间太小长途乘坐难受。
104	0	有异响，门窗的玻璃，中控台，油门因为是电子的，有点延迟的感觉，然后就是那个天窗，，，真心是为了好看才加的么，最后就是车子装配真的要提高啊！
105	0	暂时沦陷在新车的幸福之中，尚未感觉到哪里不满意，如果有的话内饰的硬塑料和那几块众所诟病的织布算是最不满意的吧。其次就是所谓的蜡烛灯，确实不够亮。
106	0	大灯太暗，没有路灯的地方得小心驾驶。
107	1	配置！空间！同等价格真的买不来了！
108	0	一档与二档之间比较顿挫。其他的都能接受！
109	1	性价比高，对于刚创业又没有多少预算的人来说是个不错的选择。
110	0	今天打开后备箱放备胎的地方看了一下，里面有好多水啊，不知道怎么进去的，做工确实不够精细，缝隙大。雨刮水加至瓶颈的时候漏水。
111	1	刹车稳，提速还行，空间还行，车子口碑哈行，皮实。。。
112	0	不是铝合金轮毂买的时候送东西太少好像不能连接苹果手机还有直接给手机充电也没宝贝v
113	0	尾箱太小，储物空间不足
114	0	后排座椅不好上座套
115	1	样子够特别，操纵舒服
116	0	不满意的就是起步有点肉，而且控制不好有点窜车，坡道起步有点后溜，不过这些习惯以后完全可以控制好！至于油耗嘛暂且不提，后面说，因为不说路况谈油耗都是扯淡！！！
117	0	隔音差，冷车启动声音大。
118	1	方向盘，刹车灯
119	0	暂时没发现，本来就是代步车要求不能太高了吧？
120	0	不足之处个人认为噪音稍高了些，2000转就已经吵人了。
121	0	后轮是鼓刹是我最不满意的一点，长城腾翼c20r也是5万多的车都是盘刹，为啥长安你就不能给后轮配备盘刹。还有我提车不到一个月700公里的时候车内就开始有异响。
122	1	操控性和屁股线条
123	1	内饰漂亮，座椅舒服，外观漂亮,配置术羊高外观漂亮大气，内饰有档次，整体的质感不错。这一路走来吉利都在进步。
124	1	悬架不错，不颠簸
125	1	外观霸气，省油空间大
126	1	市场上改装件很容易买
127	0	油耗高了
128	1	经济实惠，性价比高！
129	0	车还没提回来呢，10.13号能上路，牵扯10.1放假，交税交不上！
130	1	空间，后排坐着还有很多空间，后备箱又有大空间，
131	0	太高调了，容易被认为是土豪
132	0	底盘低了点，后排空间偏小。
133	1	颜值是当时a级里最高的了，如果这造型要是奔驰生产的估计比现在的c系卖的还火。这造型感觉换代前是不会落伍的。
134	1	驾驶质感很不错的，除了低速戳顿感，并且有很多先进的科技。
135	1	外观、空间、性价比非常高，操控也舒适
136	0	装配工艺跟合资车还是有很大距离
137	1	跑高速很稳，170一点也不飘
138	0	后备箱有点小。发动机噪音因为是地球梦直喷所以你懂得.
139	1	底盘高，过水坑很爽，不过两驱越野不行，经常趴窝
140	0	局部有点异响，油耗感觉有点下不去。车内的异味还是有点大的。
141	1	头部空间大，车体横向空间不错
142	1	空间和外观无疑是它最大的优势。
143	1	直接可以烧气，不用改。
144	0	空车开快了，感觉会飘，提速有迟半拍的感觉，响应不够快，对了，为什么不加一个usb的车载充电器尼？很常用的东西，看来还是要多听一下大伙们的声音才行；
145	0	噪音隔离做的不是特别好
146	1	当然是外观，
147	0	减震有点硬买车之前就觉得硬，但是既然选择了它我能包容它的缺点，没有十全十美的车
148	1	空间很大，在同级别的mpv中是算性价比很高的一款
149	0	中控开回家的时候有一会有异响，后来就好了，难道是装了倒车雷达嘛～～
150	0	内饰设计中庸，用料一般，基本为塑料材质。
151	0	品牌认知度不高
152	1	空间大，舒适度高，油耗低。
153	0	可能是因为马路的关系，也可能是因为底盘和悬架没有调教的很彻底，过那种减速带和烂路，车身的感觉总是不能很好的消除不良的反应，还是会传递到车厢内部。
154	0	油耗有点偏高了，可能是磨合期吧，不过过一段时间就会降下来。
155	1	外观内饰操控各方面都吸引我！
156	0	车尾显得有些窄，实际1860mm的宽度和这个级别的其他车型相差不多，但是由于车尾造型过于圆润，所以视觉上会显得车有些窄。
157	1	外观是我媳妇的菜
158	1	空间大，油耗合适
159	0	车开起来噪音有点大啊！还有就是3000元的节能补贴到底有还是没有那？我们这的经销商说没有，我打东南400电话也说不出个什么，说是完了回复我，到现在一个多月了也没见音讯。这后期的服务有待提高啊！
160	1	最满意的是车子后排的舒适性，比一般的suv坐起来要舒服
161	1	底盘操控好，内饰用料做工也很不错，外形很漂亮，空间也可
162	0	夜视功能有些鸡肋
163	0	车子空间太窄了，在加宽10公分就行完美了
164	0	没有雾灯，不好后期自己加装一个，没有usb接口
165	0	后悬挂稍硬，颠簸感稍强，虽然经常走城市的铺装道路，但是偶尔的沟沟坎坎一不小心，都会让副驾驶和后排蹦起来~不过静音还算不错，蹦起来一点声音都没有。。。。。。。
166	0	这个价位的内饰就不吐槽了……
167	0	细节做工差。缝隙大，
168	0	领先的座椅太差了
169	1	空间够大，动力够强
170	1	中控auxusb内存卡插口齐全
171	1	最满意的还是外形，以前在街上看到感觉特别帅。
172	1	安全性高，内饰用料很好，做工也不错，开车很舒服。
173	0	焊接、车漆工艺还可以提高。
174	1	外观出众，尤其是星河紫，回头率杠杠的。
175	1	外观个性十足；乘坐空间宽敞；操控更不用说，绝对满意；我的jeep情怀更是得到了充分满足。舒适性和越野性两者兼具。全景天窗更是我的大爱，雨天看雨、晴天晚上看星星，车内一点不压抑。
176	1	同价位最帅四门车
177	1	内饰真的是让人无可挑剔，做工精致，注重细节处理，绝对是同级别中的翘楚，设计也非常符合亚洲人的审美，棕色内饰营造出的豪华氛围与中控台的质感相辅相成，
178	1	满意的地方有很多，用车以来感觉这款车真的是很好的，方方面面都是很到位的，综合自己的用车感受讲的话这款车真的是很不错的。
179	0	门需要大力关，不然就需要关第二次了
180	1	价格.价格.价格！
181	0	不适合女性开哦，要是有自动挡就更完美了！重点说门，一千公里不到中控锁就换了一次了！尤其侧门不敢开，现在只能外面开，里面开不了了！这点不满意
182	1	最满意的还是外观，室内也不错，个人觉得比奥迪宝马强。安全性能不错。急刹车方向盘不会偏。
183	0	由于没有转向助力，平地打方向的时候有些吃力，尤其对于女性，走起来了后就很轻了。
184	0	发动机舱有“哒哒哒”的声音
185	0	，油耗比较不满意，8个油稍微高了那么点，冬天的时候，还得高点，1.0的排量动力较弱，有些噪音，不过还能接受
186	1	"2012年11月14日提车,到目前为止h230最让我满意的一点是坐过我车的人都说一句话""内部空间好大啊"",这句话真的让我很高兴.5万多的a0级小车,能换来这样一句话,能不高兴么?"
187	0	后备箱无法遥控开启，内饰老气，后门没有放水杯的地方，没有放内存卡的地方，听歌还得在点烟器处加个车载mp3。车漆偏软，车皮感觉有点薄。
188	1	目前最满意的地方就是油耗，还有减震的舒适度，座椅可折叠放倒拉货非常方便，比起某菱某俊方便多了，还有就是全尺寸备胎了，真是良心配置啊，这点值得点赞！
189	1	最满意的肯定是外观，大气
190	1	操控满意，动力满意，外观满意
191	1	性价比高，配置很丰富。有很多实用的功能。比如：360全景（出厂加装），夜视系统，钥匙不在车内提醒等，很舒服很人性化。把很多豪车都比下去了。
192	0	噪音确实有点大啊，隔音差，特别是1.2档2000转就嗡嗡的
193	0	轮胎有点响。
194	0	音响系统不给力，没有一种穿透力，很平淡
195	0	前操控台
196	1	外观控，非常喜欢这车的外观和内饰
197	1	发动机可以
198	0	卤素大灯
199	0	中控台太小气了。特别是行车电脑显示屏太低了。暂时没有
200	1	动力，7.9秒加速真的不是说着玩的，而且还有推背感，提速感觉很明显。
201	0	怠速有抖动，变速箱有时有顿挫，40-60公路加油后猛收油会有顿挫。油耗也不低，夏天开空调走市区最高出现过16l。
202	1	外表漂亮一眼看中呵呵，小众车有小众车的回头率哈，后备箱空间真的非常非常大啊，安全座椅箱子盒子能塞一大堆550的空间呢！动力还是不错，超车挺麻利的，操控性因为电子助力很轻盈。
203	1	空间大地板平，，没有压抑的感觉！
204	1	空间大，行驶中平稳，一家四口人出行确实很实用。
205	1	提速推背感以及发动机轰鸣声我很满意
206	0	塌屁股我就不说了,乐乐车主估计都在纠结这个问题.话说这车在d档的时候好象不能指示实际档位,一直就显示一个d,有些车就有实际档位显示,看着一目了然.
207	1	外观非常时尚，动感，其实我先对v3下手的，是v5的外观打动了我
208	0	过减速带时太硬的悬挂。
209	1	满意的地方有很多，如果一定要说“最”满意的地方，那肯定是油耗了，没想到我这新手也能开出6.5l的油耗，超级知足了
210	1	操控还行
211	1	个性，这边算上我就看见3辆，2辆黑色、1辆红色，另外好几个人问我这车多少钱，看来是挺感兴趣。另外外形和操控也满意。
212	1	内饰设计是亮点，每次上车后，都有一种飞行员的感觉。
213	0	乞丐版有点太乞丐。
214	1	那还用说吗？！！！肯定是动力啊，超车爽，想超谁就超谁，别人想超没门啊，提速好快啊
215	1	空间和天窗
216	1	外观和空间，非常舒适，也是当初买这款车的主要原因，整体配备也还算好；提速还算不错，可以很快超车，因为刚跑了1000公里，在磨合期，没怎么跑高速，也没怎么去超车；
217	1	主要用来拉货，必须放个帐篷在里面，原来的五菱帐篷必须竖着塞一边，现在太方便啦，直接从侧门横着放，挨着驾驶座椅的后面放，放好还有将近十公分的距离空着。
218	1	性价比，外观，成熟，这么多年的车型了，小问题基本都解决了，很成熟的车型，16-17款都值得拥有，三大件，不多说。
219	0	低速时候2、3档有明显的顿挫感，可能是还没适应油门。进口到国内的颜色有限，喜欢的颜色没进口。
220	1	最满意的无疑就是大空间！车身宽而高，做进去毫无压抑感。
221	1	当然是大空间和漂亮的外观。
222	1	外形很满意。动力也不错
223	1	外观，发动机很成熟了
224	1	音响效果好，空间够用
225	0	最不满意的是缺点太少
226	0	轮圈的颜色
227	1	要说我对这款绅宝x25自动豪华款最满意的地方在于车子的配置还是比较不错的，什么多功能方向盘、前后排头部气囊等很多功能都很齐全，这样的车子用起来比较方便，我对这点最满意。
228	1	外观，绝对的外观，获得2015红点大奖的车那真是耐看啊
229	0	发动机噪音大，高压油泵像柴油机一样哒哒哒的响，悬挂对小颠簸处理不怎么样，变速箱降挡反应延迟在接近2秒，后排座椅很硬，多媒体做得不够人性化，油表不准
230	0	后排的储物基本为零！连放水杯的地方都没有，不过还好前排储物丰富，弥补了这一遗憾，说真的，花冠还是适合买买菜、接送小孩、上下班而已，仅此而已！
231	1	当时考虑了哈弗h1！但外形感觉不对称！35外形漂亮！看见就喜欢！总体还过得去！
232	1	最满意在于它的内部空间和油耗上面，表现的非常不错。
233	1	货厢大，能多装
234	0	起步会有顿挫感！这个价格的车了，还没有胎压监测，前雷达！
235	1	开上紧凑型家轿四轮碟刹车abs防抱死ebd/cbc等制动力分配气囊（感恩版的副驾驶没有气囊）每小时10公里以上自动落锁问了问a60都没有这功能安全行车很有保障，品牌大。
236	1	空间是真的很大，买的1.5l的，拉货什么都不错
237	0	1、车身钣金缝隙太大！2、方向盘低速转动的时候能听到吱吱吱的声音，跟论坛好多车友反应的一样。3、悬挂实在是太硬了！过减速带真心是要爽死！！
238	0	实用性不强，就适合在市里面当个买菜车，多跑几趟都不行。
239	1	空间大，省油。
240	1	从提车到现在，我开了有5个多月了，一直最满意的都是外观，车身太大气了，朋友们看见了都说这车好看，看起来就有档次。
241	1	我是以貌取车，外观最满意，从90年代末老妈的企业配车普瑞维亚开始就喜欢这类型。
242	1	帅气、空间、隔音!
243	0	最低配没有铝合金轮圈
244	1	外形、空间俱佳。
245	1	空间大，真大。
246	1	驾驶质感一流动力不错做工细致，后排腿部空间很充足，头部空间也很宽敞。定位小型车，空间达到紧凑车级别
247	1	在城市里代步是很好的选择，特别是现在油价高涨的今天。
248	0	减震太硬啊，过一些坑洼路，彭彭响，很不舒服。座椅有点高，而且偏硬
249	1	品牌、品质、操控、空间及动力，是我选择小三的主原因。
250	0	目前开的不多，暂时只能说是在一些配置上，比如锁车后没有遥控升降车窗，很不方便，另外就是全下来将近30万的车居然没有无钥匙进入和一键启动。
251	1	样了还可以配置高科技尤其是有天窗有倒车视频车长了最好弄个后摄像头真管用的
252	1	nono的真皮内饰
253	1	表哥表嫂说这个价这个车还不错，一家人平时出门啊什么的足够用了。
254	0	很多人都觉得后排杯具是硬伤，但我觉得爱屋及乌，人无完人车无完车，虽然我也曾一度为此耿耿于怀，但小妾到手之后才明白了一句名言“天空飘过五个字：那都不是事”
255	1	外观好看，内部空间好.最喜欢那个修长的前脸，还有运动款的配置，真心的喜欢（行李架.全黑内饰，熏黑大灯.红色刹车夹）还有油耗低。
256	1	最满意的当然是外观，内饰，流畅霸气的外表。
257	0	空间小不过还可以接受毕竟是小型车手动换挡顿挫感很强不知道是不是我技术问题离合器结合点太高容易熄火
258	1	外观没法说的了，同级别里最好的配置和价位了
259	0	油耗偏高刹车制动慢其有异响
260	1	耐看，空间超大
261	1	最满意的当然莫过于车子的外观，空间大小，内饰；反正对于我这种小白来说什么动力太小什么的，我觉得家用够了，有次坐五个人都没问题
262	1	空间大，外光好看，性价比比较高
263	1	动力输出，1500涡轮增压介入，提速不比汽油车差。
264	1	空间很满意尤其后排放倒很奢侈的空间
265	1	迷彩色，拉风，掩妹
266	0	收音机自动打开，不知道怎么单独关收音机
267	1	外观，内饰，动力，最最最重要的操控。都太让人爱不释手了。
268	1	整体，坐车舒服，开着拉风，提速快，油耗合适
269	1	内饰较黑金刚改变了不少，多功能方向盘、起停系统、大灯可调、倒车影像、导航。
270	1	动力，外观，通过性，非承载车身
271	1	操作可以，提速快，空间大
272	1	空间大，操控灵活。
273	0	精英版的配置太低，其他可以没有，这么大的车子，倒车雷达，胎压检测这些实用的配置还是应该有的。
274	0	那就是刹车了，说得自动调节，可是都快下底了，然后就是冬天一挡不好进，另外过滤避震不是很好，特别郁闷的就是加油了，老是跳枪，心里无数个咒骂声，漆面薄
275	1	最满意的就是他的空间，充足，家人一起去选的，5个人坐进去一点不拥挤，直接pk掉雷克萨斯nx,视野也不错，中控科技感十足，质量大，安全性高。因为是新手，目前对车的把握还不是很到位，继续熟悉中。
276	1	最满意的就是两箱车，里边空间大的秒杀三厢啊！！变速箱很流畅，一点感觉不到顿挫！
277	1	外观很时尚，乘坐空间大，储物空间大，后面能放不少东西，还是值得购买的。
278	1	综合说是一款性价比非常高的小车，尽管细节一般，但是在同档次价位的车里面是比较实惠的，工薪家庭很适合。
279	0	减震有点偏硬离合点很难掌握
280	1	外觀漂亮,動力實足.
281	0	不是皮座位，原装没有自动锁门和自动上下升窗
282	1	操控性好，虽然车大但是却很好开，车子很灵活很方便。空间大也是又一大不可磨灭的优势。
283	1	空间超大，油耗基本满意，带档下坡瞬时油耗跑过2.8。头部空间很充足，本人1.83米，坐进去无压力。
284	0	车窗开关不太好用，更换之后好一些。隔音也不是很好，噪音很大，尤其是胎噪，不过有听音乐的习惯，打开音乐还是可以减轻一点的
285	0	冷车启动刚开稍踩油门转速会一直飙升至2.5~3千转，速度也没起来，一般人会以为发动机有什么问题，实际上厂家也没有明文说这是正常现象！
286	0	油门提速稍微有点迟缓
287	1	车重，无缝痕技术.车长，空间.动力还可以.百年福特
288	1	外观很时尚，配置丰富，内饰大方，车子油门很轻，刹车灵敏，易驾不累。
289	1	装配2.0t发动机后带来的动力提升
290	1	车子是刚到家的，各方面表现虽然还在探索，但是总体给我的感觉很不错，动力足够，空间也可以，作为小型suv来说，车子开起来也灵活容易操控~
291	1	外观漂亮、开起来感觉像中型suv，饱满的车头和大大的挡风玻璃，一往无前的激情。
292	0	就是这个中控了无力吐槽，下雨天经常失灵，每次都需要断电三分钟左右才可以重启，比如你想倒车她不启动，是不是有点扯淡了，这蓝牙电话也没有，接打电话不方便，就是这个可以连无线网，这个要点个赞。
293	0	空间利用差，放东西的地方少且不实用
294	1	油耗比较满意，通过提车后的详细计算，油耗最高7.3升，最低5.97升，质量口碑都不错。
295	1	操作舒适，空间大
296	0	简配的有点严重，相比较14款少了好多实用的东西，比如自动雨刷，自动大灯等，我感觉那些配置还是挺实用的，毕竟媳妇也偶尔开，车无完车，接受了就好
297	1	作为职业女性，我更倾向于这款车的外型，而并非专业汽车发烧友追求的速度，而且我对于时尚的东西并不那么感兴趣，更倾向于古典和传统。恰好这款白色符合了我想要的一切。
298	1	外观、通过性
299	0	大家都吐槽的前台内饰，太塑料了。。
300	1	价格定位是我非常满意的。
301	1	性价比高，配置很好。无钥匙进入，一键启动，自动启停。非常实用
302	0	车速超过80迈，胎噪声就比较大了，希望厂家可升级轮胎为静音型的，那样应该会好很多。
303	1	空间的大，省油，
304	0	小毛病太多，噪音明显。
305	1	停车方便，节能减排，在市区真心舒爽
306	0	屁股：显小气了，和整个车的设计不太相符。轮胎窄了：225的宽度感觉缺少点厚重感，配个235或245的可能会好点。刹车灯：刹车灯太太太丑，感觉每一边就只有一颗灯泡在亮一样，丑死了。
307	0	由于选的是1.6排量的车，动力稍微不足，急加油门速度提升还是有点慢。
308	1	货厢宽，带电动前窗，，，，，，，，，，，
309	0	起步太肉，中控塑料感太强！
310	1	外观比较好看，合资品牌里边自动挡里带车身稳定系统价格偏低的。空间相对同价位的合资车这个加我的比较大，外观也比较大一点。
311	1	价格便宜外观漂亮
312	0	油耗有点高，但是对于2.0t的发动机，这么大的车重，也勉强可以接受，谁让动力这么强大呢!天天享受弹射起步，各种推背各种超车，多喝点油，还是可以接受的。
313	0	没什么不满意呀，就是儿子还没排上做装饰呢，双拼内饰都让我有点弄脏了。儿子成小花脸了??还有紫色限量！！所以更昂贵??有的加价12万！也是吓死宝宝了~
314	0	比较简陋，用料不好，顶棚比五菱之光好。
315	1	外观好看，底盘扎实，内饰做工精细，乘坐空间和储物空间布局合理，特别后排中间凸起不高不影响中间乘客舒适
316	0	等红灯的时候，车子会抖，感觉明显，推到n档会好很多，但目前就是抖，另外高配没有倒车雷达，增加了危险性，另外没有自动行车落锁，这个也是遗憾。
317	1	价格厚道。良心车企。空间大。不拥挤。三世同堂。五六口人能从容承载。
318	0	内饰版塑料感太强，颜色不显档次，要是换成黑色视觉效果会提升不少。
319	1	车子的外观很好，很漂亮。操控性没得说，感觉很稳，高速过弯也比以前的车好很多，尤其是走烂路感觉比我老爹的新胜达强些，而且销售人很好，态度比长城的强的那个多啊，大长城直接不搭理我。
320	1	动力充沛，省油，空间大
321	0	3档4档加油的时候发动机噪音有点大，跑起来就好了！
322	1	电子档位，传说中的“鸡大腿”不是虚构的哦。马力也不错，比我之前一车快多了。本人已前开的小飞度，你们说这是不是没什么好比了。呵呵呵
323	1	初一沙发是我的，精华妥妥得借你吉言，感谢感谢！
324	1	最满意的地方是车带给我的中规中矩的外感视觉，外型的家族套娃风格，造车工艺的严谨。
325	1	油耗走国道不是很费油，天热开空调动力也很强劲，设计很安全，过年回家全家人外加整整后备箱年货，走高速动力依旧强劲，没有出现肉的情况，
326	1	空间宽大，乘座舒适
327	0	发动机噪音的确有点大，有待适应。
328	0	动力性差
329	1	隔音不错
330	1	16款的外观简直亮瞎了我的钛合金狗眼，脱胎换骨的感觉，肌肉感更强。什么油耗低空间大啦等等已经被大家说烂了，我就不重复了。总之，雅阁就是我最喜欢的车啦。清风雅阁
331	1	家里没有个子特别高的，所以空间相对够用，进门时有点局促，坐进去后宽敞点，把前排座椅稍微前移，后排空间就会很大，这点超出我想象，非常满意。
332	1	车的外观和车性价比
333	0	在新疆没有售后服务的地方，很郁闷。还有后排角度不可调，长时间坐容易疲劳
334	0	1.4t的发动机配合6挡双离合在低速的时候有顿挫，起步有顿挫，但是也正是这个让人不满意的一点保证了他的油耗那是相当的低，所以这个不满意的地方也会让人慢慢接受。毕竟汽油那是白花花的钱呢！
335	1	空间不错，配制高
336	1	各项都比较均衡
337	1	操控不错，方向盘仿佛有助力，越路面不好方向盘越轻
338	0	油耗偏高，也只是相对于普通车来说，皮卡嘛，油耗都是可以接受的
339	1	外观啦，上班族的上下班小车，基本满足个人虚荣心，内饰方面做的也不错，买的时候选择的高配，就冲那个大屏幕还有全景天窗的。
340	0	噪音比较明显，尤其是中控传来发动机的噪音。而且13款减配了，原来全系标配esp的。
341	1	外观漂亮、个性、大气；配置丰富，性价比高，操控好，上手快！
342	0	目前还没有发现什么不满意的地方，购买前已经充分考虑了，能买就可以接受它的缺点。
343	1	性价比高！带定速巡航、无钥匙启动系统、无钥匙进入系统、自动灯光等方便省事，安全带未系提醒,esp车身稳定系统，上坡辅助功能等安全配置还是挺全面的。
344	0	提速不是那么顺畅，动力还是有点差
345	1	运动模式的爆发力很给力。后排空间大。车头好看，装逼无解。
346	0	我依然想吐槽一下那烦人的中控集成了所有的功能（特别指出发动机启停技术），多给几个物理按键能咋地？
347	0	转速1300--1700发抖啊
348	1	空间，油耗，舒适
349	0	无论如何都必须说一下这个排气，单出不说，不上3000专完全没有声音，人家3.40万的车还四出呢，其次就是顿挫感比较严重，一堵车简直要死，不过现在已经适应了算是凑合吧。
350	1	空间真的很大，以前开的铃木sx4真的是不能比的。
351	1	空间大，操控好，动力给力，售后服务态度好
352	1	性价比高，经济实用。
353	1	外形很帅气，三排空间也足够大，第二排和第三排离前排都有足够的空间，大大提高了舒适度，还有一个9.8寸的电容屏显示屏，很帅气，铝合金的轮毂，刹车是前碟后鼓，这完全能满足需求。
354	1	满意的地方多了，不论是外观，空间中控还是三大件，都是好几款车中对比出来的
355	1	外观大气，时尚年轻，非常适合20-30岁这一区间的年轻人；安全配置有esp，这个合资价位的车真是少之又少；厂家减免购置税和商业险，让本来没什么竞争优势的科沃兹极具性价比。
356	1	提车时担心动力不够，毕竟只是1.5t的，后来知道s50的涡轮增压1500转就介入，开起来也没有肉的感觉！隔音也很不错！
357	1	外形挺高端的.还省油.上坡的时候拉一吨多货物很轻松
358	1	操控和动力。虽然开过的车少，但是目前在市区跑油门和刹车都很给人以信心
359	0	洗车或者下雨后,拉手刹后轮会抱死,方向盘不正,向右斜8度左右,倒档不太好挂,挂不好会打齿
360	0	最不满意的就是发动机的呼噜声，去了好几次4s店，总是说没有问题，是通病，有强迫症的买车前一定要考虑清楚。
361	1	当然是油耗。行车420公里，均速36km/h，油耗5.5
362	0	动力没有多选性，车体太小，买过后，有点后悔，后期维修比较麻烦，经销商太少
363	1	车子比较轻，结构很紧凑。动力可以，有推背感。
364	0	暂时还没发现，有了再上报
365	0	感觉车子大灯不是很亮，纠结想换吧又怕烧线路，还又就是感觉车子提速又点慢，也能是新车吧感觉又点闷。
366	1	最满意的就是动力，2.0t的发动机，扭力和转速都是没有问题的，开车上路拉着一车人也是可以很轻松的超车呢
367	0	车子胎噪太大，佳通轮胎耐磨倒是很不错，可是胎噪也大，80以下也无所谓不影响正常交流。
368	0	车是15.7月产的据说是16款，感觉好多配置被减少了，自动大灯清洗没了，舒适版简配的也太简单了，影像雷达等等都没有。油耗室内稍微有点高，不过也还是能接受的
369	0	车内空间只能用狭小来形容，本人175cm-80kg，头部空间还好，但腿部空间就不行了，脚踩油门都没法正常踩，只能别着，时间长了脚踝会痛，长途的时候都是把鞋脱了。
370	1	操控＋外观＋舒适性＋性价比
371	1	空间，油耗，尾灯，有次晚上去吃烧烤，那老板直夸这全新帕萨特尾灯真的好看，b格满满，做工这方面也比日系还多了
372	1	货箱尺寸大，看了五菱，长安，就数小康的货箱尺寸大
373	0	外形方面在后窗、腰线、尾灯、雾灯等处设计不讨巧，个人不是特别喜欢，只能说一般般能接受吧，比起欧系、韩系等设计方面提升空间还很大。
374	0	小毛病不少，不是这事就是那事的
375	0	音响效果一般，内饰粗狂
376	1	乘坐空间宽敞，操控上手简单，油耗低。
377	0	没有天窗，遗憾没有天窗，加上天窗，这车拉风坏啦。
378	0	没有后防撞铜梁，已在tb买了一个，300元，找汽修店安装好了。加装了皮座，雾灯，换了铝轮。看起来高大上，足以媲美十几万的车。
379	0	远光灯不是led的不知道自己加装怎么样求同志还有隔音在国道路面上了100就有胎噪原车导航跟手机互联还要自己买hd高清线而且只能把手机映像过去就跟投影一样手刹一松就无法观看去只有停车有用鸡肋
380	1	配置齐全隔音好动力充沛！
381	1	要说最满意的就空间了，七坐车，空间大就没的说了，动力方面也可以，怎么说也是进口发动机，车子起步也给力，外形方面也可以，侧面看，前面看，都有一丝霸气，看着就一越野，底盘也高，跑山路挺好，
382	1	本来就是新手，从买车地方开到家附近，来回跑了两趟，只有一个感觉，好开！
383	1	油耗低，坐姿高，空间够大
384	0	车身太高轮毂太小不像国外17其它基本满意后备箱备胎位置没板还要自己弄这个比较不好
385	1	大灯造型。
386	0	内饰较为粗糙，没有行车电脑
387	1	各方面都挺满意的，毕竟定位就是a0级的小车嘛~配置挺丰富的，基本用不着自己再去加装什么东西了。车身小，停车转弯都方便。外观很可爱^3^，越看越喜欢~
388	1	省油，宽敞。耐看。
389	0	发动机声音太大了。
390	0	最不满意的还数大灯了，晚上亮度跟其他车一比简直差太远了，最后自己动手升级了一氙气大灯，晚上安全行车很重要，希望厂家重视！
391	0	购车迄今三个月，发现唯一的毛病就是右侧车窗偶尔存有异响，以及轮胎打死会有咯咯的响声，虽然声音不大，但是听起来很让人闹心
392	1	外观内饰漂亮，价格实在，驾驶轻松，带有车身稳定系统。
393	0	蓝牙连接不太稳定，没法用sd卡，还有大灯高度没法调节
394	0	这部车的封闭不是很好，减震器硬！
395	1	空间大！舒服！
396	0	听说直喷容易积碳，发动机娇贵保养贵，自动经典前置的天线宝宝，甚至连b柱都是白色的，橙色的仪表盘也不喜欢。当然这些我买车时都没主意，买车时只关注哥瑞帅气的前脸了。
397	0	油耗啊油耗，现在新车还看不出来，过了磨合期做了首保希望会有改善。
398	1	后备箱大，婴儿车不用折叠就直接放的下
399	0	空间,空间,还是空间,我指的空间是后排空间.为了外观,车辆重心等等原因而放弃了后排空间我认为是可以接受的,但是我这184的身高,我的后排仅仅可以做一个娇小的女孩子了.
400	0	就跟众多车主反映的一样后悬挂真心不行啊，走不好的路，颠簸明显。还有轮胎噪音偏大，
401	0	唉！车漆啊车漆，你怎么就那么薄啊！和公交蹭了一下，奶奶的，都看到塑料了，晕死，我心疼的不知咋办，媳妇儿倒是大气，没啥，修修得了。无语。再就是车门机盖超级薄啊！一按隔嘣一身，唉！
402	1	性价比高，做工、钣金工艺都不错。做点小生意买这车是不错的选择。
403	1	最满意就是性价比高外观大气配置高价格优惠力度比较大
404	1	1.4t当然好，贵2万啊，不差钱随便买，1.6家用够了，关键是省油，省心，城里开要啥推背感？
405	1	外观和性价比一流
406	1	性价比比价强这个价位能买个这样配置的不错了车开着暂时没有什么毛病
407	0	自己喜欢的车都还比较满意，不满意4s店买车后加推服务，如添加产品服务和保险等
408	1	皮实，性价比高
409	1	外观，特别是双色轮毂
410	0	手刹手刹。。。。而且手刹很松，不拉紧容易溜车。不到10天由于溜车导致前唇撞电线杆底座受伤了。
411	1	自动空调和自动灯光系统很智能，座椅的舒适性相当不错
412	0	右后方有异响，原因还美找到，扶手箱竟然是布的！！！平时上下班开这车感觉有点费油，还有移门被人拉得感觉不好，近30万的车，大灯竟然是卤素的，首次保养不免费的！
413	1	空间比较大
414	1	油耗很低，我一个新手在高速路的时候一般只用4升左右百公里，市内大概在6.8左右，综合油耗在6.4这样
415	0	内饰用料有点差，唉，大家都懂。
416	0	动力有一点点不足有时间到河边车都不能下去
417	0	不满意的就是车载多媒体，屏幕小像素差反应慢。
418	0	对于面包车来说成功汽车已经做的不错了，各方面还都能接受。
419	1	这边我是年轻人、只话说还是颜色。因为这个级别车子真的很少有这样的红色、看着喜欢。当初老妈问我颜色、我还是坚持喜欢红色、不要黑色的、太单一简单了。
420	0	1.前轮轮胎偏磨，做过三次四轮定位都没有解决。2.车在经过震的地方后排出现异响。3.可能我驾驶比较激烈，油耗很高5.6毛一公里吧。4.方向盘真的很重，原地调头特别吃力，我想不适合女的开。
421	0	非要鸡蛋里挑骨头的话就是自主品牌吧，保养也贵哦，半合成机油266，机油滤、汽油滤、工时费200、总共546毛爷爷啊，呵呵。
422	0	车子发动怠速时发动机旁边总是有像电磁阀的声音，嗤嗤声，很奇怪的声音，电话销售顾问说cvt车型都有，郁闷？！这就是我最最最不满意的地方，其他的我都可以包容。
423	0	手动豪华配的卤素近光灯实在太暗，这不是逼我开远光吗？！
424	1	油耗低，外观小巧灵活，性价比高。
425	0	内饰稍微有些差强人意，舒适性和视野也没有家里suv好，但是悬挂也基本能接受。对于跑车而言，算是很舒服了
426	0	最不满意的油耗，油耗有点偏高，他们公布的是7.4，我开出来要有8个，9个左右了。
427	0	拉点货80码车有点飘其他还真没有
428	1	空间大车头霸气
429	1	动力强劲。空间大，空调效果好。
430	0	可能新车的缘故？沙石大的车身啪啪响，受不了这声音，还有一档二档不好挂，特别是二档真难挂啊，倒档就不说了，几乎都得挂好几次，油耗可能因为我是新手，8.1！很高了
431	1	外观沉稳大气，内饰豪华，奔驰的牌子够了，对新手来说，360摄像头很实用，各种安全辅助，如并线辅助啥的，车很好上手。
432	1	最满意城市路面上的各种转弯，掉头。它的超控简直完美！至少在我自驾从湖南赶往海南，没有把我丢路上～有兴趣的朋友可以看下我的主贴
433	0	内饰材质一般，新车异味明显。
434	0	共振，怠速时共振大估计80%来自后桥，行驶中共振来自玻璃钢车顶，还好订车时亲自去厂里查看隔音止震，整体噪音在可接受范围内.
435	0	启停系统有时候太不智能化。
436	1	空间够大！乘坐舒适，适合一家人出游！车漆的硬度够强不易划伤
437	0	后备箱不敢说很小，但真的不大。要带大量东西出游的同志们可能要失望。
438	0	转弯方向打死车会有震动的感觉，难不成助力转向加了震动的效果？
439	0	车门车窗异响！还有就是起步调头转向的时候，方向盘很重。
440	0	提车时的嗡嗡声，实在受不了，但后来好了，真的好了骗人是小狗。说说期望吧1、来个日行灯2、门扶手处的皮太小了点，有点掉档次3驾驶室头顶要个把手作甚？换成遮阳或者眼镜盒多得？
441	1	油耗很低，目前1000多公里，市区和郊区差不多各走一半，综合油耗7.0，期望首保后能更低。
442	1	外部灯光照明系统，前led大灯与日行灯，后led刹车灯。启动车辆时led日行灯由蓝渐渐变白，帅的没谁了。
443	1	同价位空间大、外观不错、性价比高
444	0	油耗确实高，毕竟排量在哪里！
445	0	在上坡倒档老是熄火特别烦。
446	1	性价比一流，3.0l的排量，v6机头，超选4驱，非承载车身，2把差速锁，30万元以内劲畅是唯一选择
447	0	起步怎是一个“肉”字了得。
448	0	排量1.5l接个娃儿代步神马还行，但是要越野，排量还是有点小，玩不起来
449	0	油耗太高了，高区15以上，手动档不好，当初后悔没买自动档，1.5t的油耗市区稀杀悍马。
450	0	说说不满意的吧，内饰做工没有那么完美，毕竟10来万中大型的，对得起这个价格，还有就是座椅没有那么舒适，其他都还好。
451	1	性价比极高，小三第一大亮点
452	1	2.0t的s档还是挺不错的，十多万的车，一般使用足够了，用料十足，配色动感，电子功能操作方便，座椅加热通风实用，油耗可以接受，毕竟太堵，实际上外出高速油耗很低。
453	0	不满意的是小五隔音稍差，行驶中能听到发动机跟风噪，但也没论坛的朋友说的那么夸张，这点希望厂家有所改进…………别的没有…………
454	1	外形喜欢空间够大动力没你们说的那么差。价钱地道。合资车就是哄钱的。还是本地车实惠
455	1	空间外观性价比
456	0	包括自动启停在内的很多地方人为地造成极度不便，还不能关闭。
457	1	外观，内饰，油耗都相当值得点赞
458	0	还有一套二手的脚垫，桑塔纳的，好像也是30，用了好像不到一个礼拜，最后丢到家里阁楼了。
459	1	底盘调校的很好，很稳；四轮群独立悬架很舒服，走在修路的烂路上没有颠簸感；最主要的是配有esp（车身稳定系统），这是我看中这款车的主要理由之一；隔音做的很好，这个价位的车做到这种效果很不错。
460	1	外观、空间及满足自己需要的各种配置、智能互联系统、性价比高
461	0	中控占用空间太大，副驾驶座椅靠前都打不开手套箱，中央扶手箱的空间也很小，这一点应该学学本田。空间利用率有些低。还有做工有待加强，需要日系德系看齐。
462	0	其他都很喜欢，缺点就是蜡烛大灯不带透镜，后排没有出风口，要是这两点改善就完美了。
463	0	内饰比较粗糙，塑料管强
464	0	买车各种霸王条款，让你不爽，又不得不接受
465	0	就是空间小了一点点
466	1	外观和内饰，非常漂亮；空间也不错。
467	1	颜值赞一个，风火轮轮毂，全车身包围，180mm的离地间隙，都有suv的赶脚了，嘿嘿。轿车化底盘，全黑内饰坐着很舒服，再也不为长途烦恼了
468	0	一年后，驾驶室怠速共振比较大！115马力根本不够用！做工接缝哪里像下地20万的车！副驾驶靠背不能调！太陡，座一个小时腰会断的！离合器太高！但是离合点比较靠上，不用完全踩下去！
469	0	充电比较麻烦，没有专用的充电车位，性价比不高
470	1	车辆外观，内饰，通过性，提速，总之能想到的都好的不行
471	0	油耗有些高，新车要过了磨合期才能具体确定。
472	1	尾翼，无框门
473	0	挂倒档不好挂，有时候要挂档走下在挂倒档才行，后门上的刹车尾灯就是个装饰不亮
474	0	目前发现刹车有叫嚣声
475	0	i-link智能网联欠成熟，有些功能尚不完善，影响体验度
476	1	时尚的外观，还不错的性价比，全景天窗
477	1	本人是行业资深销售人员，选车良久，还是决定买大众，闲话少说，25周年速腾颜值还是令我最满意，多幅花式轮毂，高亮黑车顶与高亮黑外后视镜配合白色车身颜色鲜明，在路上与普通的速腾有很大的差异，显得更年轻了。
478	0	塑料感太强异味大
479	1	载重能力强
480	1	最满意还是空间吧，轴距在同级别车里面应该属于第一吧，加上价钱实惠，乞丐版比其他同级别的乞丐版的配置都要高，后轮碟刹，目前没几个合资品牌的车全部标配4轮碟刹啦。
481	0	轮胎噪音大、隔音效果稍差。机器起步声音稍大，也许和自动挡有些关系，和20几万的车没有可比性。低配车没有雾灯和电动后视镜，很败笔
482	1	空间很大，动力很足
483	1	外形外观超喜欢，中庸不平庸，时尚不媚俗，刚好适合四十左右的我们。接近完美的肌肉线条，相信一定会成为经典。期盼了好多年，喜欢就是喜欢，还需要理由吗！
484	0	油门延时太大，动力不足提速慢，避震偏硬
485	1	当然是外观
486	1	空间大，安全性高
487	1	空间大、通过性能满足我这里的山路。
488	1	空间不错车辆还有左右两边的盲区提示
489	1	空间大，燃油经济
490	0	右中门一直有异响～右中门关不到位～中控台也时不时有点响声～点烟器插孔放在手刹后面很鸡肋～车起步不给点大油门感觉要熄火～
491	0	动力还是小了点，超车比较吃力，速度上得慢，不过排量就这样了，无可挑剔，还有，买回来方向盘就不正，偏左了一点。离合器踏板左侧没有靠脚的很拘束，中控不太喜欢，车没转速表。
492	0	楼下第一点，空间！
493	1	中控打电话，听歌很方便，虽然没倒车影像
494	0	悬挂偏硬，尺寸偏小
495	0	后排座椅很难折叠，至今还没折叠成功过，听一位“前辈”说他是用棍子撬开的，多撬几次就好用了！因为是新车也没舍得试试！希望厂家能够改进一下设计!!!
496	1	1.外观，2.独立悬架，3.动力，4操控
497	1	配备了电动助力操控很灵敏油耗很满意。
498	1	车头！前脸！大气！车声高！配置高！
499	0	肯定是性价比比较低了，1.4t+dsg的组合，居然裸车接近20w，虽说是全新mqb平台的，但速派的性价比就是可以的……
500	1	外形漂亮，油耗比较低。开在路上回头率特高。我是个外观控，由外及内了解的cx4，最终成为马粉一员深感荣幸。
501	0	没有天窗，一直期待着新款能有天窗，结果还是没有，希望再出新车的时候能有个天窗
502	1	整体感觉非常好，而且这个动力性能不错，车子的行驶质感很好，非常紧凑扎实，高速跑起来完全没有松散感，这个底盘的调教也非常不错的。
503	0	车身长度对我这个新手来说稍微有点过长了，倒车的时候心总是慌慌的担心碰到。
504	1	基本的功能，包括内饰都不错，特别是360泊车影像，倒车入库，过窄弯防止剐蹭神器；当然也有缺点不要过分依赖，在其他中说明。
505	1	油耗、空间
506	1	无故障，出勤率高。
507	1	空间后排3人无压力，头部空间也可以本人175cm头部还有一拳
508	1	空间够大，继承了老奇骏的优良基因，油耗控制不错，整体满意
509	0	最不满意的话，应该是变数箱吧，降档没有那么迅速，大油门才会响应快点。不过比较喜欢大油门涡轮介入的那种推背感。
510	0	买了3年的浪迪，没有很大的毛病，没有更换过大的部件，只是觉得出厂的轮胎有一点窄，更换了16570r13的邓禄普轮胎之后吃胎没有了，加速行驶更加稳了。
511	0	动力1.5对这么大的车来说，只能说够用，如果动力能再足些就好了，另做工其实还有再提高的空间，我的车在走烂路的时侯有时候有异响。
512	1	低调的品牌，皮实耐用的品质。
513	0	降档不够平顺，低速行驶感觉车有点抖，远程控制经常网络异常，倒挡切d挡，倒车影像不能第一时间切换回来，这点差评
514	0	个别地方明显看到还是挺简单的，比如刹车油壶，按着忽忽悠悠的，晃动的厉害。中网有的塑料固定的也不好。机盖真的挺重的，都没个液压挺杆。。。
515	1	行驶平稳，动力够用，坐姿高，视野好。
516	0	油耗偏高，内饰档次有待提高。底盘悬挂偏软，无led远灯。
517	1	整体都比较满意。
518	0	异响，新车才1000公里，低速中控后面传来类似皮带震动的异响，听着好烦。来这让人不放心。
519	1	当然价格！！！这款车不足十万，而且配置很高，外形也好看，真的是很值！！
520	1	最满意就是空间了。一点也不拥挤,驾驶位置放到最后，后面仍然有一拳的距离本人171cm，后排地板纯平，中间做人也舒服。
521	1	乘坐空间够大，储物空间丰富，油耗较低高速6个油，市区7个油，内饰好看实用，方向低速轻盈，高速沉稳，安全配置丰富
522	1	座椅包围运动款只有这两个满意。提速不说嘘的真的跑不过人家啊！但是速度起来以后都一样。安全为主。
523	0	噪音太大，告诉行驶音响开得大大的
524	1	外形，绝对颜值高；另外豪华版各方面的配置还是很靠谱的。
525	0	没什么特别不满意的，可能是内饰做工需要更精细点吧！其他的都还好，我个人觉得，这款车在整个这个价位的市场里都算上品了。
526	0	买的时候也没有感觉车的内饰有问题，用了一段时间感觉它的很多地方做的不是很科技，郁闷。
527	0	行驶时的噪音。
528	1	小车提速很快，
529	0	中按比较老气，无亮点，最遗憾的是车窗没有一键升降功能
530	1	外观吸引了我的眼球！
531	0	1.内饰确实是比较朴实简洁，没有豪华感，好歹也是三十多万的车子啊！2.音响系统确实是比较简约，连碟机都没有，音响效果也差得很，只能说会响而已！3.智能化不够，没有四门一键升窗，锁车关窗等！
532	1	最满意的地方是操控性，并线超车过弯还是很顺畅必须点赞，底盘比较整，外观符合我的审美，中控仪表盘使用很方便，比某欧强很多。
533	0	底盘还是低了点，在城市道路上想开上马路牙子，也只能找高度低的牙子（别说什么占人行道不文明，你让我停哪？天上？青岛现在是5辆车抢一个合法停车位！）
534	0	胎噪太大了，上六十就大的不行不行的。后排空间确实不怎么样。
535	1	最喜欢它的旅行范，头顶上的行李架很配这车！超大的后备箱，给我以后回家装很多东西！
536	1	外观很靓丽很风骚，加速也挺快，满足了我对车辆的需求。市区开开是足够了，特别是一个人两个人的时候，车子比较轻，使用sport模式，加入比较快，反应灵敏。女朋友们都比较喜欢。
537	1	隔音好，动力不错开起来没有柴油车的声音
538	0	空调机噪音大，冷却风扇声音超大震动方向盘都在抖动。天气热的时候要不开空调，有点不舒适了。
539	1	动力强劲，只要舍得给油绝对不会让你失望，等红绿灯起步的时候，只要转速超过3000，提速刚刚的。
540	0	后悬挂非独立，坑洼地段真的很颠。改进一下大众座椅后背调节吧，别旋转了。很不方便，左手带表，转的空间又小了。
541	0	越野车你懂得
542	1	这车不看车标，绝对是一辆非常强悍漂亮的车。外形特酷，很喜欢，另外空间特好，拉点货非常实用！
543	0	内饰啊，和同级别的车比真的不占优势。当然，比轩逸强得多。还有不配esp总让人心里不舒服，虽然配了也估计没啥用。
544	1	比较懒，就仨字儿，性价比
545	1	跑高速真的很省油。从绍兴跑镇江，夏天开空调平均油耗只有4个（时速90~100km/h）
546	1	1.2万公里全程93中间无清零均速33实测平均油耗7.6
547	1	车子的外观，然后就是灯带式的日行灯，非常好看
548	1	前後雷達，前臉，空間，外觀，內飾…
549	0	后窗减配
550	0	低速松开油门有些顿挫感。是的顿!挫!感!座椅手动调的没有记忆很复古。
551	1	外观，看前面不像面包。
552	0	倒挡感觉有点难挂，离合踩到底要等2秒再挂才会好挂。
553	0	不满意的就是新车异味大，内饰材质不软，手感差~
554	0	开空调动力显弱，几万块钱的车也可以了。
555	0	质量，做工一般
556	1	宝骏310这车性价比较高，样子好看，后排空间大，是家庭用车的最佳选择。
557	0	如果非要说不满意，就是感觉座椅通风不是很给力。
558	0	内饰，相比价位实在是不上档次
559	1	外观，动力。
560	1	摩卡棕的外观颜色美观大气，空间大乘坐舒适性价比高，老产品性能成熟。
561	0	豪华版要是电动尾门就好了，宝沃的液压杆真的很硬而且高，关门很费劲！
562	1	舒适，科技感十足。车身大，有面子。
563	1	空间表现够用，外观时尚，自动最高配，天窗，真皮座椅很舒服，一键启动非常好用，倒车雷达也非常灵敏，底盘调教不错，减震很好。
564	1	08年10月的白色普桑，车况很好，价格3万
565	0	没有胎压监测的，后面空间没想象中大。。最不满意的是前面的蜡烛灯，夜晚开车还是小心点……
566	0	目前没有发现不满意的地方.默默关注v3很久了,终于出手.
567	1	乘坐空间很大，座椅特别舒服，尤其是第二排座椅，如果把第三排座椅收起来的话坐着实在太舒服了。
568	1	内是非常好。
569	0	低速行驶中松开油门或刹车会出现离合器顿卡（类似手动挡车辆低速时离合器松的太猛的感觉）
570	0	最不满意的是车子的做工，内饰方面有点硬，动力也稍微肉了一些。
571	0	低速挡的时候有时一顿一顿的
572	0	原车踏板，感觉没什么用，还容易弄脏裤子
573	0	暂时没有吧！非要说的话，后排舒适性略差，仅仅只是略差而已，个人感觉不像某些人说的那么夸张
574	0	导航不好用，搜索个街道都搜不到，公园也搜不到。
575	1	瑕不掩瑜，对我们工薪族家庭用车来说，vv不失为一部可以选择的好车！
576	1	动力强，虽然还在磨合期不敢深踩油门，等绿灯稍微踩到3000转还是能第一个冲出去。外观骚，尤其那个轮毂，百看不腻，外观也是蒙迪欧成为街车的最大原因
577	0	倒挡难挂，前三个挡位换挡的时候油门配合不好会出现异响。
578	0	油耗高，后背箱不够用啊
579	1	跑了10000公里，正常保养2次，油耗大概100块钱跑300公里5.08元/升，很满意。家人朋友坐过车后都对舒适性感到满意，我还没有机会坐到后排感受一下，一直都是在驾驶座勤勤恳恳的工作
580	1	内饰是面包中的精品，我在长安上哈飞上都感觉一样！
581	0	要说最不满意的一点，就是胎噪，过个坑坑洼洼噪音就出来了！
582	0	外观吧。很多朋友都说虎5的比例不是很协调，开始没怎么注意，后来发现从前部看还好，但从尾部看确实如此，太显瘦高，与当下主流的suv“矮胖”趋势有些大相径庭。底盘高了是好事儿，但是是否可以将宽度增加些。
583	0	新买的车子可能都有点味道
584	1	车子外观挺不错的
585	0	后排空间感差，顶棚黑色后窗开口小显得较压抑，不过也只是空间感差而已，实际空间还是绝对够用的。
586	1	动力不错，提速快。
587	0	配置太低了，简直就是丐中丐，但是如果只是家用足够使用
588	1	空间空间还是空间，外观也很符合我的审美！！
589	0	蓝牙电话，开车哪有不打电话的嘛，蓝牙用作钥匙了，这用来装逼不错，但蓝牙电话真的还是很适用的。只有买个蓝牙耳机来代替了。还是不方便呀。另外就是后座椅不能放倒。
590	1	小毛病很少，在当时卖的火，很多出租车都是用伊兰特，皮实耐操！
591	0	买车才開1千多公里時、屏幕常显示胎壓不足、現在一万多公里后又显示轮胎传感器故障、這一點很不明白？？中控台触屏反应慢、导航根本不行！倒车快慢不定！门的缝隙大！车灯有水霧！车漆比較薄！
592	1	五菱荣光s的外观在我眼里帅爆了，很多人不太认同，不过每个人的眼光不一样，现在看着我的荣光感觉比一些轿车还要耐看！
593	1	是辆家用的四轮车子
594	1	外观稳重大气，驾驶舒适，66号公路精神赋予其不同一般的内涵
595	0	就是a柱那里太影响视线，前档视线也偏高，个子低点的女生，有点不方便！后面需要加个靠背啥的
596	1	配置丰富，科技感极强
597	1	空间大、底盘高、2.5动力家用足够、四驱性能强劲、x模式让轻度越野更有底气。油耗不高。
598	0	精英版的内饰，真的是太普通了，内饰都是以塑料为主，座椅什么的都是普通织布，感觉很平庸，而且塑料的东西太多气味也会比较重，后面自己加装了皮套，方向盘套，与座椅套配色，看起来大气一点。
599	1	后备箱超大，前脸好看
600	0	五挡的时候，车的噪音就相对大一些，而且车的后部有异响
601	1	最满意的地方就是内饰做工，很有档次
602	1	他的内饰很精致
603	0	做工！做工！做工！引擎盖与翼子板的缝隙可以插进一根手指！。。。。。。。。织物座椅容易脏。。。。。。
604	1	外形不错很漂亮有种古典美动力强劲
605	0	起步肉了些，大些油门的话推背感还是有的，不过瞬时油耗看的心疼。家用的话也够了。
606	0	轮胎比较小，要是能还大一点的此车应该就更完美了！隔音效果不怎么好。
607	1	最满意的一点就是外观了，其实这个车除了外观和瑞纳没什么区别。
608	1	后备箱空间比较大，带倒车影像，有前驻车雷达，倒车的时候显示屏可以显示哪个雷达附近有障碍物，做的很人性化，很是喜欢。
609	1	外观内饰油耗做工等等,满意的地方很多
610	1	外观大气，配置丰富。360影视帮助很大。
611	0	开了3千多公里，我和老婆遇到过三四次起步情况下脚没有踩油门，但车子突然自动加速的情况，这绝对是非常严重的安全隐患！貌似论坛里也有其他车友提到过这个问题。
612	0	音响真心不行太垃圾习惯听音乐的朋友得需要改装了，自带导航不给力不好用很多地方都乱导，四速爱信变速箱再怎么调校搓顿感依然强烈，空调不给力制冷效果不好风力还行刹车有异响。
613	0	噪音非常大，无论是怠速噪音还是行驶中噪音，新车时还没感觉，现在快3w公里了，就让人很难接受了，长时间行驶都会造成耳鸣，并且影响情绪！并且发动机和变速箱还渗油
614	1	空间非常不错，在前排已经调整好位置，后排发现腿部空间非常充裕。本人身高174，驾驶位调整好位置后，后排膝盖与座椅还有2.5个拳头的距离。
615	1	提速快，拉风，赞。
616	1	性价比高！而且15款也更加人性化了一点！
617	0	全景天窗中间的大横梁，没车顶行李架，调校还是偏硬。
618	1	空间、发动机、油耗都很棒！
619	0	纯电模式续航里程保持50码速度可以跑30公里，50码以上20公里！
620	0	空间狭小。
621	0	我唯一不是很满意的地方就是座位，进第三排的时候要收起第二排的作为才能进去。如果是2+2+3的座位模式就好了，中间留个小通道，这样会方便很多。
622	1	这是我的第二部车，对于第一部只有几万元的车子来说，这是我无可挑剔的。坐在驾驶座上，大气！虽然只是个q3，但在别人看来我已经是个富婆了，哈哈哈！电子刹车和路途停车后能自动驻车给我方便了许多！
623	0	政策不行，又得强装，又得买保险，不过跟销售商量后便宜了许多。然后，16款多媒体屏幕竟然比15的小，外尺寸一样，但不是全屏的，不能触屏就算了，大小也缩水。
624	0	油耗较高，动力相对较弱，车身装配工艺不佳，异响严重，隐藏部位简配，偶有小毛病影响驾驶感受。
625	0	个人感觉高速行驶紧急刹车可能略次奥迪。
626	0	后排空间太压抑没全景天窗新款屁股很山寨在上路跟x4分不清
627	1	外观与后排直通后备箱小门，整车外观落落大方，极具个性，设计师功底深厚。后排直通后备箱的小门特方便，这两点最令人叹服。
628	0	会有些小问题，比如隔音不够好，有点吵；百万车没有无钥匙进入；改换模式，会影响舒适性，悬挂偏硬。
629	1	空间大，一家人出游完全没有问题，还能带上两个朋友
630	0	方向操控太差，回正力不足，而且比较沉，电子助力没见过这么沉的方向盘，论坛里有说是用了上一代飞度45a的转向电机，现在的飞度锋范都是60a的。
631	0	细节处理不好、座椅与整车空间不符、有点小了
632	1	外观、岔气大灯
633	1	外观和内饰真的很不错，性价比相对而言比较高，听说最近官方降价了5000大洋啊，可能为了迎接新视界版本的估计
634	1	发动机全铝.动力强劲，省油。操控性上手容易。
635	1	前后独立悬挂，操控给力，安全配置高。价格优惠！
636	0	没有遥控钥匙和abs有点无语了
637	0	上户的时候卡住了，上不上户，后面要加防护栏，这点我十分不了解，买车的时候他们隐瞒这点，找他们解决没解决，也不给护栏，坑人啊结果我自己安装了个护栏才上上户以后有买这个车的注意这点。
638	1	三大件，新车味道很小，空间够大，外观动感大气
639	0	15款手动豪华版减配。少了备胎。开车出门总是会有点不自在。后轮不再是14款的碟刹。取而代之的是鼓刹。虽然用起来感觉没什么区别。但是这点真的有点不厚道。座椅不能上下调节。只能前后。
640	0	刹车在快停或者起步的时候响声太掉档次，恶心！变速箱反应慢！车漆薄，
641	0	底盘调校偏硬
642	1	隔音和音响
643	1	操控性特别好
644	0	外形比较中庸，适合大叔级欧巴专用，所以自己加装了日行灯，车窗亮条，后视镜防擦亮条。
645	1	最满意的就是车子的皮实耐用了~提车到家这么久，智尚s35的各方面表现都不错，动力足够，上下班代步很给力，起步猛，提速快，一般家用车都可以甩一截~同时，车子油耗也低，综合实用性跟到位。
646	0	动力太小了吧，老家在山上，回家的路爬坡大，急弯多，开的时候稍显力不从心。
647	0	油漆做的比较差用两年车顶油漆就发白了，性价比一般。
648	0	起步肉，起步油耗高
649	1	车的外形内饰，高科技的配置，轴距以及车内空间都比较满意还有就是车内的静音非常不错，关上车门车窗几乎听不到发动机的声音。
650	0	这厂也太小气了，连个空调滤芯都不配！
651	0	内饰老旧，做工较糙！
652	0	买完以后，4儿子给的东西不喜欢，还有就是，发动机护板，到现在还不给。
653	0	车子自重有点轻，开起来偶尔觉得会不稳
654	0	冷车启动后第一脚刹车有异响，瞬间就降低了n个档次，操作系统操作太累了
655	0	国产车嘛，，就这样。。发动机噪音有点大，装配工艺有待提高。
656	1	油耗非常让我满意！
657	1	最满意的是空间，性价比超高的车车
658	1	比较省油方向盘轻开着舒服视线好底盘高不怕碰底盘跑长途可以不累空间大后备箱大后面坐人舒服
659	1	：舒适大气
660	0	下雨天竟然找不到后视镜加热功能，雨天开车非常不方便！！
661	1	外观时尚大气，蓝色是我喜欢的颜色
662	0	起步，起步的时候，好几秒后才开始动，得给油门。
663	0	路噪比较大，在经济模式下车起步真心有点肉
664	0	座椅半布的，还有胎噪音太大了，4s店的朋友太会吹牛逼，直接把我忽悠了，还说送我三次保养结果钱付完了就送我一个贴膜，而且贴还起泡了
665	0	胎压胎压监测装置一到冬天，不是温度报警就是信号丢失。
666	0	1噪音
667	0	塑料感太强，座椅偏硬，包裹性不好。
668	0	动力还是稍微弱了点，这么大的块头，只配置了1.6l的动力，平时的时候还好，毕竟我们这边的路还是多平整的，就是开着空调的时候有点肉肉的。
669	0	车内噪音较大，车速一上80，车里就能听到呼呼的响声，过坎和减速带时更明显；
670	0	续航有待提升，现在在京用挺好，但去河北等周边玩还是不敢开出去
671	0	动力一般，特别是倒车的时候，有小小坡都要加大油门。高速上提速慢。
672	1	高速开起来很稳，超车不是问题。地盘扎实，路感好。
673	1	最满意的是外观和空间，虽然不是刚出的车，感觉外观还挺时尚，适合绝大数人审美，很顺眼。再有就是空间，后排不拥挤。再有一点就是油门很线性，开着舒服。
674	1	配置丰富，由其是仪表盘，我很喜欢
675	0	车漆，实在是让人比较怕，已经有点体验到什么是薄，后面会说的。
676	0	后排上下车不方便，很窄。
677	1	价格终于到了心理预期，现在来说性价比高，送的也多，置换补贴也多，哈哈哈
678	1	最喜欢车子的油耗表现了，毕竟买得起也能用的起，一般市区代步才六个多油，这在家用车里算是很节省的了。当然，车子的其他表现也是蛮可以哟~
679	1	：性价比很高，这是我很满意的地方。
680	0	最不满意应该就是噪音吧，虽然说新款比旧款改进了好多，但是总感觉还是有点不满意，哈哈哈，会不会是韩泰轮胎的原因？
681	1	空间还是比较大的，不会显得很挤。外貌主义者，越看越像大白。
682	1	提速和声浪，发动车的时候真的惹眼
683	0	跑着跑着就觉得这就是个面包车。
684	1	操控空间性价比都很不错
685	1	车子的hold功能很方便，配合自动启停，既轻松又省油。
686	0	那肯定是噪音了1倒档不好挂其他的因为还没怎么开所以不好评论
687	1	外形旅行范儿，前脸比上这代好看大气，空间比福克斯、高7要好，油耗合理，市区7-8个，高速5.7-6.9开空调差距一个。家用不错，高速动力不错。这个价位的车，基本能够满足我日常需求。
688	1	车子的外观实在没话说，又帅又霸气。并且考虑到喜欢自驾游，几个朋友一起玩，空间也是完全足够。
689	0	竟然没有后视镜加热。
690	1	对于拉货来说空间绝对够用对于面包车来说在高速上速度够快
691	0	应该是共振吧，时速40以上打开后车窗感觉噪音会特别大，嗡嗡的耳膜都在震
692	1	空间相对比较合适，乘坐舒适，外观也比较大气
693	1	05年北斗星车主，近20万公里，发动机没动过。吃粗粮，干重活。
694	1	门做的厚实，有德系车的感觉。低配配置也不错，对于我来说完全够用了。空间也不错，我165的身高，完全够了。开着还是很稳，瞬间提速差了点点。必定不是兰博基尼，哈哈哈。
695	1	性价比是比较满意的吧，毕竟落地不到11w的车，该有的都有了。
696	0	不叫自由光，叫个跟切诺基相近的名字就好了，在太阳太好的时候打开天窗还是晒。
697	0	1.5t真心的肉，今天洗车，遇到门前小坡减速带，很费力才上去！
698	0	前脸比较娘，所以只能选深色的
699	1	当初买ga3s200t就是接送孩子上下学觉得方便，外观漂亮，油耗低；
700	1	底盘高，通过性好
701	1	驾驶舒适度不错，视野好，空间满意，动力也很好
702	1	省油换档平顺!空间大豪华高大上
703	1	空间比较大，拉人拉货都还行
704	0	价格太贵，性价比太低，满意的是他可以扮猪吃老虎，但是这也是最不满意的一点，外观也太过低调，一般眼瞎一些的人都分不出，只有在哄得一声油门后才能体现出他亮点。！！！！
705	0	配置低点
706	0	悬挂稍硬，漆皮相对来说感觉还是薄。
707	1	空间充裕，配置十足。同等价位，同等级别，比合资车配置高。
708	1	操控！！很灵！
709	1	外形和内饰，还有隔音相当好
710	1	较省油,那么大的马力,油耗还是合算的,同志们啊,油在长价,是不?!
711	1	车内噪声较小，跑高速稳定，省油！
712	0	价格比较高，看了别的车主发的价格，感觉自己的贵好多
713	1	配置齐全，esp,车载蓝牙，倒车影像，天窗
714	0	后挡玻璃自然损坏，无人理赔，4s店和经销商来回推都不赔，来回跑了一天，也没人付责。今天很生气，几百块的小事4s店都没人解决。我打算找12315来解决或质检部门，希望通过法律途径解决。
715	1	空间大，方便实用
716	0	小毛病比较多
717	1	最满意的一点还是性价比，不到五万的车子该有的功能都有。跟别人说起来一点也不逊色。科技感还是算不错的，油耗也比较满意，百公里不到6个。空间也不错。
718	0	最不满意的是车头太长，觉得4米7的车身长度有点偏长了，影响了一定的操控性。跟4米5出头的x80之类的车比起来，完全看不到这20公分的优势在哪里，反而变成了一种劣势。
719	0	车的隔音真的不好，还有异响，但是放音乐还能接受吧。
720	0	隔音还是没合资车的效果。
721	0	高科技配置不足，没有自动泊车、车道偏离、自适应巡航、主动刹车等等。
722	1	大灯和菊花
723	0	静音效果不错，但音响效果还需提升。
724	0	没有定速巡航功能，全景影像缺失，这两个是比较实用的，
725	0	后备箱不能遥控开启还有就是买车比较早现在价格优惠幅度很大让我最不满意
726	1	安全、动力、环保。
727	1	外形、舒适性。
728	1	最满意的地方就是内部空间很大，很方便
729	0	内饰一般，车身过于宽大，操控一般。
730	1	说实话这款的空间真的是够大的了，suv的车型很好看。
731	1	外观，喜欢路虎这个硬朗的外表，唯一不足的一点就是尾部，没车头显着霸气，尾部稍微有一点不足。
732	0	再就是车内塑料，后排车窗摇把已经坏了一个，塑料质量有待加强啊。
733	1	外观秀气，油耗满意，操作顺手，地盘稳定，pp好看。空间也是可以的。不信你买就知道了。
734	1	6年免维护，省钱了
735	1	外观，比起老款实在是要雅致不少。少了一分张扬，但却多了一分内涵！
736	0	14万多，没有导航倒影，这点好像有点说不过去，内饰的塑料感比较强烈，应该改进改进，另外车门的焊点比较明显，这点有些丢分，1.6的动力加速比较弱，有钱的，不在乎油耗的，还是建议直接上2.0的
737	0	这个价位的车了，连座椅电动调节、高低调节和定速巡航这之类的电子功能都没配备是不是有点说不过去了，虽然对车的整体性能也没什么影响吧，但还是有点不爽。
738	0	80以上，噪音有点大
739	0	油耗真是高，家里那台ghibli油耗都没这么高
740	1	空间，操作，外观
741	0	车身防锈不过关,边缘接口有锈蚀现象。
742	1	发动机的配置比价高，是配置的2.0t的涡轮式的发动机。动力跟车子带动性能不错。另外车身的长度比较长，在外观上面比起他的同款车要长，显得要大气。
743	0	未引进国外的16款，不能感受美化后的中控台，略微遗憾，厂家也对3.0不感冒，不打算上。
744	0	没有倒车影像，没有前车雷达
745	1	油耗，九座车经常满员，有时候还会兼职拉货，新车油耗将近12升百公里，现在已经降到了10升百公里，感觉非常不错了！
746	1	一眼看上去是一辆很精致的小车，但车内空间很不错！假期开车带着家人到郊区散心，坐5个人的情况下，再带个大行李箱没有问题~对于平时在城市中奔波，周末喜欢在近郊阖家出行的人来说，宝骏310是个不错的选择！
747	1	当时购买的价格在本地算是很划算的，主要外观是很好看，油耗也很满意。另外其实标致这车子品质还是很不错的，家里有台老207，现在都没有什么大问题。
748	0	驾驶位车门难关，车窗感觉共振，特别是拉下窗的时候，关门声音才馒头。低转速马力弱。隔音一般般吧。能接受。
749	1	外观外观外观重要的事情说三遍外观时尚内饰简约而大气油耗还算满意百公里大约10个油还没出磨合可以接受隔音不好
750	0	最不满意的就是车尾的尾门了，那应该是同级车里最难看的尾门了，还有就是发动机的声音有点大。唉！那也没办法了，既然当时选了它就好好的爱它吧！毕竟没有十全十美的东西。！！！而且古人云；人无完人。
751	1	不用多说，外观拉风，赚足你想要的回头率
752	1	动力十足，空间宽敞明亮，提新车后车内基本无异味。
753	0	买这车到现在，从刚出现小毛病内心很纠结，到现在面对小毛病很淡定。
754	0	新车真皮味很重，开窗散了150小时。低配简直就是面包车，逼着加3万多买尊行高配。为什么外观差那么多？
755	1	空间，质感，行驶品质好。高速隔音。外形低调。
756	1	对于油耗比较满意，匀速80码4.3个油，车小到哪都方便，小路或者地下停车场随便找个地方就钻出来了，不像车大到哪都得老老实实的守规矩。
757	0	个人觉得驾驶室内有点小气味可能是皮质座椅的气味吧，时间久了慢慢就没了
758	0	价格还是有点高，装配工艺和德系比不起，不过还可以接受
759	1	这次国庆去耍，加了两百油，跑了六百多公里出来，这油耗，简直太省油了
760	0	内饰风格过于简单，很多地方做的不够精致。
761	0	目前就是手刹，提车的时候就这样，手刹完全松到底了还显示手刹没有放。当时太晚了，4s也没有给我调，我家离4s店200多公里呢，太远了，打算首保的时候去看，反正也不影响驾驶。
762	0	中控是硬质材料的，中控的反应有时有点卡。
763	0	再加长20厘米就好了。
764	1	车辆外观比较时尚，综合油耗还不错，后部空间比较宽敞。车内在驾驶过程中提速很稳健，没有杂音。6at原装爱信变速箱性能优越。
765	0	价格控制太死了，从上午坐到下午愣是没优惠，??看见别人也是同样价格提的反倒也踏实了，
766	1	空间大，外观漂亮，省油
767	1	操控性能非常好，只要肯给油门，提速快
768	0	后备箱空间小，驾驶台旁边的金属材料容易磨损
769	1	空间大，操控稳定好，油耗合理
770	0	拥堵路段的油耗，起步阶段的发动机噪音，双离合的抖抖病，提速也不快
771	1	最喜欢的当然是外观啦，还有大口的全景天窗，平时也就一两个人乘坐，空间上也算完美，二人世界不错的选择，小巧方便好停车，综合跑起来8个油也还挺好
772	1	最满意的就是空间，无论拉人拉货这个车的空间都可以！再就是性价比高！
773	0	做工还是稍微粗糙点了，虽说是越野车也不能太随性了吧，不过探险者也算是美国范十足，这一点还是可以接受的。
774	0	06普力马远光不亮了，近光小灯一切正常！远光指示灯也正常！
775	0	车斗稍微短点
776	0	开空调。马立有点小
777	1	加速还可以，不开空调还可以，加速快
778	0	座椅有点硬，时间长了不舒服。
779	0	内饰异响，各种凌乱的内饰异响。前门音乐低音重了，门要响。行驶烂路，后门某个部位就开始响，最近发现前面中控台还异响，关键是找不到异响的地方。这种异响真的很难接受。
780	1	动力好，操控性也好。难得的大车中比较好开，灵活的车。
781	0	抖动问题，油箱盖打不开问题，一些小异响问题。
782	1	经济实用，性价比高。
783	0	后排座椅多少有点挤
784	0	底盘没有做任何防护.
785	1	油耗6个。前1千公里跑出平均5.6，1千后驾驶不再那么温柔，更倾向于平时正常驾驶，油耗升到6。等首保后就正常开了，估计不开空调7以内没问题。另外近光灯还是不错的。
786	1	空间！动力！外观！还有内饰！
787	1	老司机已经开始飙车了期待老司机们的精彩表现
788	1	外形、油耗
789	0	后排空间不是很大，胎噪有点大。
790	1	式样，操控，是我买福特车的原因。
791	1	车内空间大，车身小好停车。动力城市代步够用
792	0	只有顶配才有全黑内饰，1-2挡有顿挫，上3挡基本就没有了，在接受范围。
793	1	价格，空间,造型比宏光漂亮。
794	0	最不满意就是后备箱有点小，打方向盘有点重，
795	0	目前还真没有发现特别不满意的地方，非要说的话就是前后扶手箱太矮，未起到应有的作用，纯属鸡肋。目前还没有找到合适的抬高方法，如果加装，势必影响整体效果。
796	0	冷车的时候二档好难挂。音响也只有一个。噪音比较大
797	0	内饰看着廉价，阅读灯开几分钟就发烫，后备箱灯发烫。这个灯没多少钱，就这点都装廉价的，真是醉了，自己换下来还麻烦，这么点小东西至于省吗？
798	0	储物格太少了，手机没有地方放。
799	1	内饰驾驶感受
800	0	想装个gps倒车影像，nnd,中控台没有合适的位子
801	0	起步有些顿挫走起来就好了，减震偏硬，后座不能放倒，启停没多大用
802	1	个性化的外观
803	0	没有自动驻车，没有后视镜折叠，单排气管。后排空间。
804	0	起步有点弱
805	0	也没有什么最不满意的。要说最不满意的就是后排稍显局促。后备箱太小。当然可以理解，毕竟是小型车。跑高速风噪有点大。
806	1	空间大，非常适合商务出行或者是全家人一起出行。
807	1	减震性不错。
808	1	和之前的智跑相比，除了不是suv，底盘没有之前高，其他都可以说很满意，尤其内饰的科技感，逼格满满，实用性也很高。
809	1	空调系统跟座椅不错，长途驾驶也不会感觉腰酸，座椅包裹性好。
810	0	1、前后排杯架设计鸡肋。2、第二排座椅不能移动。
811	1	前脸造型
812	0	启动时声音很难听，塞车的时候的1.2档的顿挫感
813	1	颜值高，好开，空间大
814	0	最不满意可能就是起步有一点点一点点延迟，但不影响整体因为我毕竟是新车我都不敢踩油门，都是轻轻的踩，如果深踩的话起步就快了，习惯就好了，其他的暂时还没发现啥问题，很棒总体。
815	0	容易干水，
816	1	外观，给人一种进口车的感觉，精致的法系两厢车。通透的天幕，简约的中控。小方向盘，操控性好。
817	0	后屁股太平，不好看，内饰不够档次，不过也就几万块的车要求也不能太高了，价格摆在那里。
818	0	空间略小，刚提车时候味道还是挺重的，倒车视频还有凯立德在屏幕显示太差
819	1	经典车头，七个大门牙。
820	0	倒档不好挂，要挂几下。
821	1	性价比高，配置丰富
822	1	配置实用
823	0	声音有点大，有噪音，静音设计这方面还有进步的空间，轿跑的感觉嘛，声音大点我也能理解，哈哈，但说实话不影响使用，毕竟价位在这放着呢，有点小缺点也可以理解的。
824	1	样子好看
825	0	发动机噪音比较大，提速较慢，60码以上中控与车尾有不明异响。1档与倒档经常涩档，难挂入，在看车时拉档非常好挂，而到手车型档位就没有样车好使了
826	1	开车的乐趣，在宝马上才能感受到！
827	0	好像还没发现，当然缝隙不小，但是能接受。
828	0	配置低，隔音差
829	0	卤素大灯不够亮，不厚度，透镜都没有！
830	0	1、低配的不带导航；2、后排座椅不能调节，空间有些小了；
831	0	转向太大了需要很宽的路段掉头以及售后维修基本本市都没有什么维修店需要保养还得跨市保养非常麻烦
832	1	外观很好看空间不错能带很多人耗油量也不大
833	1	外形很拉风内饰我很喜欢该有的有了比如细节做得很好无骨车门天窗导航座椅加热aux充电接口蓝牙电话日间行车灯氙气大灯
834	0	悬挂太硬，后轮骨刹，还有就是隔音走烂路坐车里声音太大，有点受不了
835	1	在高速上行驶时非常稳，底盘调教给力。
836	0	离合器坏的太快，可能与我开车习惯有关
837	1	油耗很低，这么大的车，7座满员，2300公里的试驾，油耗平均9，满意。
838	1	最满意的有两点，一个是油耗低，另一个是空间大，特别舒适。虽然现在油价降下来了，油耗低不太占优势，但长久算下来，这个优势就很明显了。
839	1	性价比非常高，30万内超强越野能力无车能敌，v6发动机，两把锁，带大梁，外观超霸气！
840	0	如果撇开设计者在车身重量上对安全性和其他方面的考量，单从弊端来讲，我想油耗偏高算是为保持该车整体平衡性所要付出的代价，开了一个月了，平均油耗能降到7～8个我已经很努力并欣慰了。
841	0	内门拉手材质跟锁车声音太掉价了
842	0	后排中间通道隆起过高，中间坐人的话，比较难受，脚怎么放都难受。
843	1	坐人空间大
844	1	买cc谈满意只能说是外观了，整个外观真没什么挑剔了，喜欢的就是这股骚劲。
845	0	毕竟没有好车那么配置高，这个价钱很值了
846	0	油耗相对来说比较大，比较吃油
847	1	外观好看，底盘很高，是同级别车里面最高的，适合福州这种一下雨就到处积水的城市。
848	1	动力可以，油耗满意，去老家上牌高速路来回1900公里，乡村石子路500公里左右，一共加了1400元油，回到北京油箱还剩不少，还可以跑200公里。
849	1	那就是，名不虚传的操控性，和卖了十年不落后的外形！
850	0	方向不带助力，轮胎过小，没有雾灯。
851	1	内室做工和科技感,特别是9寸大屏幕
852	1	外形、空间、内饰都不错呀！特别是后排空间那家伙刚刚的，配置也不赖一键启动、定速巡航等等反正对得起这个价格了。
853	0	电子驻车失灵
854	0	略显老气了，毕竟是2004年引进来的车型，比起朗动、k3等车型外观跟不上时代的步伐了。
855	0	各类异响？
856	0	避震，硬的疼，还有副驾驶没有调动调节
857	0	到处松垮垮的响。
858	1	车子在安全配置方面比较满意。
859	1	:功能配置在百万级越野车里面是最高的。
860	1	外形大气、运动感强、整体比例协调，乘坐舒适!车子外形上并没有过多的去堆砌一些时尚元素，简单而撩人心动！内外兼顾，做工优良。
861	1	国道和高速油耗非常满意，6-7个油之间。
862	1	外观可以，内饰还可以，
863	1	日间行车灯最靓！识别度高！大气！性价比高！
864	1	非承载式地盘结构超结实！13年新疆旅游，不管什么路况，跑起来信心十足，安全感十足。
865	0	掉漆售后到现在给处理了，就是处理的不全面？
866	0	没有免钥匙进入和一键启动，扶手的位置竟然没有杯盘，车虽然是几块钱从幸运兔脚抢来的，你也不要设计的这么简陋吧！啊！啊！啊！
867	0	前悬架走烂路不舒服，弹性几乎没有。
868	0	副驾驶位像某款车，超像的。
869	1	外观大气，空间大，动力足，超车杠杠滴。
870	0	中门玻璃推拉式，在行驶过程中有异响
871	1	车内空间大，做工精致
872	0	内饰和哈佛比。。。。我总不能撒谎吧！
873	1	最满意的当然不止一点咯，哈哈，太多了，首先得就是超高的性价比；其次就是高回头率的骚红色，就算不是骚红色，估计也是很漂亮的哈；当然还有配置，遥控钥匙等各方面还是挺满意的
874	0	暂时没发现，以后发现再补充。
875	1	大灯和轮毂，当初勾起购买欲望就是看r7大灯很犀利，还有个轮毂和刹车盘很有跑车味道
876	0	停车后的金属撞击声。跟车的时候，降档有窜的感觉。
877	0	上汽吸收消化创新不够，人机工程学不够，导致该车存在诸多不够人性化的地方，诸如车门置物槽，中控水杯槽等等，严重落后于当下社会、市场。
878	0	要是能再便宜点就好了...
879	1	外观很拉风开起来也很好开
880	1	不得不说一下刹车，刹车非常灵敏，有车友认为太“贼”，不过适应了也一样。
881	0	说实话，都听别人说隔音不是太好，这我自己现在用下来的真实感受，觉得还在接受的范围，没有网上说的那么难受，可能是我开车习惯比较好吧，再加上新车，也没舍得狠心踩，这个后期再去验证验证
882	0	排量小
883	0	后轮悬挂处再加装点翼子板之类的东东，奔跑吧小三，保准神不知鬼不觉，挡泥板与发动机护板真的不该省，若后期加装，定更加惹人怜爱。
884	0	换挡踩离合转速自动升高，做工上的一些小细节有待提高，二档有时候有顿挫感，玲珑胎特别爱卡石子。
885	0	做工实在是差，左转向没了去查了一次没解决还要去第二次，工作忙实在是很难抽时间去，现在就这么没有左转向开着
886	0	车子就是没有日间行车灯。而且多功能方向盘只有两个按钮还没搞懂是做什么的。座椅还是手动调节但是这个价位有如此多的优点这些不满对我来说。都是小意思了。不足为过。整体表现还是很好
887	1	对这车的性价比方面还是满意的。典型的上班族，挣钱不多，为了上下班代步方便，所以打算买一款5w元左右的代步车，网上对比了很多同价位的车型，最后看中的凯翼c3r这个两厢的小车，便宜，对车也很满意。
888	0	唯一的缺点就是油耗有些高吧。
889	0	目前就是倒挡不是很好挂，不知道是不是我操作问题
890	1	总而言之个人很喜欢这部让我看了就有购买欲望的车。
891	0	gl版的没有全黑内饰有点可惜啊！
892	0	胎噪70时速开始动静较大…我是暴力驾驶发动机空转有点噪音…还有屁股的设计真的没眼看排气管特别丑不过我都改装过了
893	0	很多细节上设计的不够全面，也说不出到底哪里不舒服，比如这个座椅的调节不够顺手。
894	1	2016款外形漂亮、内饰做工精细时尚、操控精准、动力充足、音响好、开在路上回头率100%逼格100%
895	1	外观比较符合我们80后吧
896	0	目前没有要有的话油耗算么但是相比其他suv油耗感觉也一般
897	0	我个人最不满意就是鸭尾式屁股了，从远处看真心难看，跟车头没法比，其他暂时没有发现，
898	1	油耗是真省啊~动力性能也不错！不跑长途操控也挺有乐趣的！
899	1	车子外观很漂亮,有很强的运动感.操控性也很好.空间较大,驾驶室坐的很舒服.
900	0	顶盖高，驾驶座低，视野狭窄盲区多，有安全隐患。不过大部分车也都是这样的。
901	0	动力比较弱，涡轮迟滞明显，要是涡轮没介入，爬一个普通的陂都非常吃力。再有就是后排座椅放倒不能全平，比较影响空间的。
902	0	后排空间够用吧，悬挂太硬过陡坡的时候不是很舒服
903	0	这车倒档难挂，要挂2次。
904	0	一个发动机用地方多过三个人。
905	1	空间大，大到后排可以跷二郎腿，车身稳！凌厉的腰线很是迷人！
906	1	空间比较大，特别是后排的空间，可以跷二郎腿了都呵呵。
907	1	外观漂亮，我跟媳妇都特别喜欢小妖的外观，每次停完车都围着车转一圈！好看，就跟自己的孩子一样，觉得就是好
908	0	价格偏高，同级别这个价格能买到2.0t发动机的了，全景天窗只有高配才有，这两个是国人最看重的配置。
909	1	音响系统不错，到手不用改装了，低中音表现都不错，座椅舒服。减震好。
910	1	隔音很好，anc作用明显。空间很大，虽然轴距不大，但是空间设计处理得很好，我183坐前面，后排完全无压力，后备箱是我的最爱，也是当初选这车的重要原因之一。外观很酷，车灯漂亮！
911	1	价格实惠，空间大，性价比高，车型漂亮
912	0	油耗不得不说还是略高
913	0	扶手太靠后对于大家关心的内饰动力太差没多大关系排量在那里价格在那里放着
914	0	车噪，车漆太薄
915	1	首先车子的外形是我最为满意的，同价位配置相当丰富。其实之前觉得海马标很难看，但是在m6身上一点违和感都没有，感觉很帅。
916	0	最不满意还是大屏，可以说又爱又恨，有时候会反应较慢。还有就是噪音了，发动机噪音控制得确实不太好，高速匀速行驶还好，音响声音开到6，几乎就听不到什么噪音了
917	1	车头够长！看着够大气！油耗满意，国道百公里7个油，高速6个油！市区8.5个！平均5毛一公里
918	0	什么仪表盘，你敢再烂点么，求换上桑塔纳仪表盘！！
919	0	居然不带gps，还是选包
920	1	rfdfdfdfyy滾滾滾滾滾發發發發發發發發發發發腹股沟管嘎嘎嘎嘎嘎嘎嘎嘎rfdfdfdfyy滾滾滾滾滾發發發發發發發發發發發腹股沟管嘎嘎嘎嘎嘎嘎嘎嘎
921	1	空间非常大！满意
922	1	1，油耗同级别不能说无敌也差不多2，掀背式设计，超大后备箱是亮点3，外观改进后受众人群范围更大，颜值高。
923	1	最满意的也是我买车很看重的，主要是二方面，一个是油耗6个油，比朋友的英朗低多了，还有就是价格便宜，性价比高。
924	0	起步较肉。
925	0	车的座椅手动的，内饰的味道比较大
926	1	绝对是外形白色的特别好看
927	1	最满意的一点油耗低
928	0	自己喜欢，那都好
929	1	比电瓶车好，好看，可以遮风挡雨，有空调吹。并且家里有一台中华的车，用车印象还不错，没什么毛病，比较信赖中华这个牌子。起码用我的理解就是壳壳硬，平常小擦挂不头疼。
930	0	减震偏硬，漆面比较薄
931	0	车子轴距长，过不好的路段吱吱响，空调要运转30分钟以上才会出凉风
932	0	倒车声音大，首保时问了4s店里的师傅，说是这款车的通病，就是倒车时声音难听点，并无质量问题。但是也直接影响到了整车的档次。。。
933	1	当然是性价比了，同样价格配置比较高（本地的情况）
934	1	发动机噪声控制的很不错，油耗1.2排量和老的长安之星排量0.8差不多,这些很满意。
935	0	路感清晰了些
936	0	噪音大.舒适性完全谈不上.尤其跑长途受罪啊.车里异味重
937	1	最满意的是油耗和车的外形，油耗百公里现在五个多油，新款v3看起来很漂亮，比老款的好看多了
938	0	导航机子上不能放碟，听歌只能插u盘了，
939	0	驾驶座没有腰部支撑长途驾驶腰部会不适，后排地板突起坐在中间的乘客会比较难受。
940	0	高速上胎噪不小，市区ok跟安静，隔着窗户基本听不见外面声音，高速可能是轮胎原因声音不小。
941	1	油耗低；外观时尚；座位高视野好；轮胎205/r16，比较厚道；最小离地间隙175mm，通过性好。
942	0	这个级别这个价位的车其实没什么缺点了，就是动力还不足一点，要是有3.0的涡轮就完美了！不过价格也就嘿嘿嘿了！
943	1	最满意的一点毫无疑问的是本款车型的性价比。
944	1	目前主要用于上下班，对于操控，动力，完全满足需求，提速也很快~
945	1	只有加配、没有减配，制造规范，性价比高，配置非常丰富，完全达到合资品牌30万以上级别的水平。
946	1	比原来的悦动舒适，空间大配置高
947	1	空间大，操控性不错。
948	1	开过的人都知道，动力满分，颜值满分。
949	1	整车进口，做工非常好；2.0排量+6速手自一体变速箱，非常省油；空间超大，灵活多变
950	1	外观。非常适合年轻人开
951	1	车的外部空间挺好看，特别是前脸的设计，就像一个熊猫眼睛??！
952	1	外形够酷，配置全面
953	1	空间大，油耗不大
954	0	备胎太小，天窗位置太靠前又小，其实都不是大问题，主要问题是后备箱如果不用力关，很难关上，因为那个弹簧有点问题。不过问题不大，只是关起来费劲，女士比较麻烦点。
955	1	老奇骏的底子没的说，好用
956	1	加科技包，有了液晶显示仪表盘，非常酷炫
957	1	方向盘和转向，以前除了教练车就没摸过别的车了，这个车子我跟老婆一上车试驾的时候感受最深的就是那个小小的方向盘，握感还很出色。
958	0	保值率低
959	1	空间，油耗，舒适度真的很不错，尤其是后排空间，三个人坐起来不挤，腿部伸展自由。后排地面基本平整，中间的人坐起来也不累。座椅的包裹性很好，开几百公里一点都不累。
960	1	车的整体外形满意，家族系列虎啸式前脸，操作简单，性价比只能说一般，可能我买的价格有点偏高。看着时尚大气，符合现在年轻人的审美。
961	1	外观很好看，行驶质感很好，油门很线性。动力也算不错，基本上踩多少有多少。动力足够了。我觉得是典型的6缸车的行驶质感。
962	0	内饰的做工不太仔细。
963	1	油耗很低。十月份的话去了一趟湖南来回大概，九百多公里只用到两百多块钱油。车子很灵活。在那个拥挤的道路上也能塞进去。
964	1	在高速上超车动力很强，瞬间提速很快，倒车影像对于我这样的新手还是挺有用的，全尺寸备胎不错
965	0	说到最不满意的点其实一时还真想不出如果真要说出一点那就是耗油稍高吧
966	0	钢板承载能力不强，拉货用车应该用加强型钢板，销售当时没说现在搞得要自已去全换一套。。。后门开启180度不能顶住，对于需要来来回回装货的个体户很不方便。
967	1	既可拉人又可载货，油耗低，性价比高。
968	1	后备箱空间够大，能放下孩子的手推车还能放好多其他杂七杂八的东西。
969	1	油耗很低.
970	0	离合，太高！太高！非常不适应，并且还没法调，难受到爆，为了这个，刚上手时经常起步熄火，自动档害死人哪，不过以前开宏光时也没问题，但开这个就是不行，半个月才适应。
971	0	当初还是该选择高配的。另外就是服务水平有些参差不齐（有些地方好，有些地方还有待提高）。但是相信不错的销量会促进厂家提高和完善售后体系的。
972	1	车的外观！便宜超值。
973	1	首先赞一下音响，虽说主要用来越野，但厚重的低音感受让我非常惊喜，经典的造型，强大的越野功能是我的最爱。
974	1	性价比高，空间较大
975	0	那就是动力欠佳，但是对于我这个慢性子我还是可以接受的，还有就是我后备箱亮条右边有生锈，估计是亮条磕的，不知道咋整，希望厂家注意！
976	1	前脸的高颜值
977	1	外观，媳妇很中意。
978	0	目前没发现。网友们说的噪音，朋友们开好车的说很正常，自己感觉也能接受。
979	1	最满意就是仪表盘和导航一体机
980	0	对于新手来讲那个离合器行程确实长了点。方向盘下面有个孔，有次手指放进去试下有那种黄油，不知道怎么回事。
981	1	送快递，小货还是比较能装，身材小，穿梭在大街小巷很不错的。
982	0	隔音差,没有发动机隔热棉,后备箱盖也没有隔热棉,准备自己加装一看看效果如何.
983	1	提速挺好的家用够了
984	1	2016年新生产的车，日期近。后排空间大，后备箱大比较省油合资车，技术成熟可靠保有量大，日后保养维护便宜一代神车，口碑好
985	0	一点都没有，非常完美
986	1	底盘高走乡下的土路不用怕会挂到地盘
987	1	价格给力，油耗低，外观大气，这个价格买到esp，6气囊，超低油耗，兼职合资中绝无仅有。
988	0	油耗略高，内饰做工一般，新车自带轮胎胎噪略大
989	1	外型，油耗
990	0	发动机声音略吵，油耗略高。
991	0	第一个是语音控制有bug，没人讲话也会误启动，几率还蛮高的，再就是当时广告宣称的全时4gwifi覆盖耀臻版连选配都不行，作为90后表示很郁闷
992	0	这款车的油耗还是很高的，令我很不满意。不过买都买了，就别差油钱了。
993	1	外观和内饰比较满意，动力和操作性很好。
994	1	1.空间大，真心大，喜欢钓鱼放3个人的装备松松的。2.配置高，这个价格无钥匙进入，一键启动，发动机启停，天窗都有了。3.外观顺眼，和同价位的车停一起明显大气些，媳妇说你自己的肯定怎么看都好看了
995	1	提速快，空间合适，后备箱空间大。
996	0	没有不满意的，如果非要我说点什么那就是油耗吧，我喜欢大油门，所以开的不是车，是钱！
997	0	噪音，各种的噪音，白天还听不出来，有天晚上半夜回家的，那个噪音就特别明显了，好吧还在忍受的范围内。
998	0	马力不足
999	0	后排间隙较小，不适合长途乘坐；后备箱太小。
1000	1	车小但是空间实用性挺大的